2,000b2159adf33dcb44291291e0575122
5,00115bed7ec756ccb004660899b6a992
10,00278c334396f859f201ec76ffc26297
12,0039009cb2e1243cdddcb106ef22b1fa
17,0068f24577b917e198a90493eb425bb9
20,0073a92e18a02aebdc889b5ac28af37e
25,007b202a9c06e7e48114e74d4008cbdd
28,008f0687f2a45eaa36d5a6fdf0d61223
30,00a3ce77ae536822c6f31ebdca72bb5d
37,00e9b87f15dd853687caa64a779f293e
38,00f47db4e256b6e787f9b4aa81d0f404
44,0139d5e858f26f5a5c035646c8066010
50,015a0e54e840508a43c4b190708d738e
53,01792c38ce14d4b6b7127885ca8064c4
57,0190df297cc51e6d2de2805d7a75f430
60,01a4ff7f3d0e1b57f7d861e083eb1f00
63,01b625b2bfe3c0e60e1f43144495a33f
68,01d5d9fafd0148313b6f52006aa87829
80,0208235ca47d1d8203d13ee289d67ad1
82,0218299709eab273ebb25e9fd3a10fac
86,023b4264e91503f2132f01723b64a4fc
89,023d7c2e688ff27e1e2bfa12f00208d7
97,026cd71be5149e4c645a45b4915d9917
101,028fddb70f353d4788dbfe2184408a9b
102,02903fddc3c237a476ce898aab00c2d8
107,02aa78d6bbf85498e248b2a86ddc6157
122,030230d62f1ce2dccf927b31f47e3a99
129,032500d860b1d2f1c503c2ea77e674e7
130,0326d29705bfed7a0c604b9a9a8a1d37
136,03439d1b74ed14a98d556d76bb9f36d5
137,034b1318a6929b4a06989deaea22745e
140,035259f3c77e5ee0be02aa840676da2b
147,03af0c68f2b40b625ee6ead61f7b1e7d
148,03bf015d176eea1323f3aeaab55d7fb9
149,03bfacdf3201aa7a40cc6780bf31b9cc
153,03ebae48f2199b6be1cf926eaaf6c012
154,03ebc7a4868d2d767ddce9a9d016a073
160,040b3d8490a0be543c3394bb5c1c9653
171,048afbd52cf313227a5e1172ce3e017b
172,04903c89d57d6c0ac58fab536023c199
173,049dd7ed7f1f62e4a308c6b582a8400d
182,04e3ece61b5284d9aaaa3fbc6c4b9eea
191,0505e3cad78b60c873f07831896eaefc
197,0530a74c1e531daa87f70f757156a2e2
202,05553b345d5218925d697545aa433e3f
203,0555f4bfcbb1131fcb76755c250c5eaa
208,057728bdd93f76c1dfa288e1364c44ea
209,0579e9c3976e6be74bf73711e9a97d9f
211,0591d9ce8fc5e40ba96ae8981f603c8e
218,05e7550274f09fb7134dd00948be692c
220,05f09dc61a4c9cef9eea34aea8711f1f
229,0638785b2c9429020df57b67fe60755a
249,06a7174186572585a673b2db0d1f3f50
254,06c38653602f1f160869a2ba33c23e80
256,06ce9b61cd7e14296bb6e994f12fa68d
262,07058575c7ca37ff77d03cfe0dd2dc6d
266,0739a419bf51eddbdfc22687c3bbe8a5
269,0755f086bcaa39879b3abee141a2fb64
270,07564687c35b323e9def11581d816329
271,075e1f5982bdda5a2c7e3863a5d95426
278,07910f18555ecab8998845eb6b2c840a
280,07ac6dc59ebb205d4776744e490d327a
283,07cdf6879ec5daee280ea1338a95200f
295,080e2fcc7c57afd73164fa787a56cadc
298,08245c61e999e259324775e002fae506
300,082cd473faae663f60f97e0970bb366f
302,0833ac9a743740302e814f053f1b58d3
303,083827342a82acee4402121e4958f4f7
312,08882943b74c4ef6d40cf860812176c1
323,0901ddeee1c46eec5f448b31bd06db98
324,091731dcb2da03212bd695c9f2deedd3
329,092b4f8a9c3128aea51fd746d74ac8f6
340,095cac32ef7345b908e89f567f3cf393
341,095d02af343b28abcf82ba7291751e2d
344,0963d83d08d0463c36652ea0726d0211
348,0978d6c906fa927dc4b7626525b94e50
356,09bd11f8396ed3be8c23fdb6742e5a39
357,09bd3cab2e165c951b74c0fde01bbfa4
363,09f1ac54fc489a0d9c37d6a4b34029ab
371,0a30c4a170f4eb929e05b4afb052afd1
374,0a46b62375cccb9e26166a4438c6a3e2
375,0a4b51bb8c2eddd0792cb5e308ad9990
389,0aa7184063f21935ac174fd6e29efabb
392,0ad130a140175518d2c7b096c7249463
395,0ae1573625d908d8334717a60d024a9b
397,0af5e88c547d2e808a076a2a97cd1863
399,0b0434d46010229366ac69b4bd42b2ea
400,0b04d3baf6a09771c0ce9ce054344c49
401,0b1ad7fc53324f08655f9129f67e12d7
402,0b268791d0681ea31a04043fead1c1be
412,0b6dc3794445c4cc2b5bb21db1b48a8e
424,0ba6a4d1cf96fe845b0c8ca1f8eb294b
426,0bb8f14f9e52ca2ecaa286be5bfbd5e6
433,0bea7e8770946aeb8fb064ab3789c946
443,0c357e23bc8d2f7b357a752b90441a21
452,0c745a68c0612a7d0b7430be0793b10e
455,0c7fbbf824d06d295e34e36ffd9c690f
458,0c942eda028dd619dc403e2b0cca0a8c
463,0cb74587bfe06fb71c290d1e4b14462b
469,0cdcabbd9bbef9203bfca75ccbc22f83
473,0ce21ca866eedabaa405ccc3f3bcae9f
476,0cefe7f6f724805a4e443597177081fb
477,0cf3ce0abde5c3c5e823bfc0a5a3ea69
480,0d0408d0e0eb4613f1f34061b9f8d112
482,0d149ec7f81e6833e0d04bf6095e1342
485,0d1b63905934688ea8314601e24196df
490,0d31d3bb6e208e20855381d46bc5ea56
491,0d34f61354541ac1d2b4e4c9a0503258
498,0d5577074653a90172a7f9a648c8cfa0
500,0d6eb52bdef0bcbc44cd045653703b6f
510,0db9860c054f8543a4c6a0f90a9d180d
514,0dca4780f5f0c0a5ed67e78da502b157
520,0dfb281801804a5bde755800f3469eec
529,0e4c07f8cd3e8096a306baf2c6f086b1
533,0e591c8083521864aacd491f59ce83c8
535,0e6890e291e8d77b087d863802eb1e71
541,0e9ee2e72879eff7adf5b4af5a9eb092
546,0eb71db338407ae5650a1b0b5bd43fdb
550,0ed4521267ab9a558f129c0c6d258bc8
552,0edc28520956bcbc1ad449b6acdc6fa8
557,0f0151c0f70c388961468b692e5f3df2
558,0f015e495298b9670a3fb6651caad35d
566,0f2ff181796358017383837a3cb4fd1e
570,0f6302d540195203f87203bba7234c10
572,0f69389fa7af3b1af283e3acc0d608e7
574,0f79597af0a0619baf437421b45b8218
578,0f89c16ba4242bc0a0a186fc6d053bac
582,0f9c6abfbc4d821391ee6518cdd32630
591,0fe4628fbd03dd792a91fea225ee3f30
595,0fedb8a38ac14eb8146f7c69341432b9
599,1025ba20e3c374d8f65c66121ffcf8c3
602,1033e666ecf0a015353f93db4665a0fe
607,105c02b5c3dd9a277be386fcf24079a2
608,1060780a77bfa53a197274776a26db65
610,107bbee8693f0ee9614280151812a138
612,1088dfbf43f7e015fad336bdce2f5f54
617,108fd3871dc5a3c1f0c22379b91b0adb
621,109f457bead9bc4b0de2a34b97d34b5e
635,10f36c9464539b265aa2e0b8203aeeea
637,10f52ba4caede8a946ca9f49c7f41b5c
646,1126de3e6c7a74bf2aa096233d257383
648,113143145dcd1be1a611bbc4e82fbe20
656,116b03db94b3bddb8593eae01f6890e3
658,11738c8d7d9181fa756dcb2769f5a1b7
659,118049ccdfd48d14541ba3f23235e2c4
665,118ea0b04a7e6313fde8a55075719a0d
667,119cb98fb785619f32e1f93a06d84fff
668,11a4176ba0696e5e9f3fb6ae90b8d56b
670,11c2e1195171aa37a85d871a3a35a3c8
675,11ec39ac68fb97b115e93b76d362bcdf
677,1206d98225642f2a0cad9bce4822f52d
683,124c0d0167f43b74ac8685babde4728d
685,125331abd348d4c5cb633f512e4a1bf3
696,128080a41e6ab1480a0ea6703755f156
699,12973f82e40ff9466de83ed7bdc87847
702,12a0054e086c680988c8e2ea76dbb080
705,12a651739eda9c645926faf1073894b2
710,12b6ea3b16941e8a50bf0957e6e45ddb
714,12cf02f6037d51a4838f02cfb5ef47e7
715,12d3f7653e3ff15361ad29f4170bd6ed
720,12f8a84a650be18d7c366eb567e4b66d
722,12fb3a737ef9a8a04702959960047d4b
727,131da6cc785b66f0b5ab1cd9cf59e705
729,132b23abacfe5c8e16966d2ba3cdf68b
739,136ec1fefb3e247db4a2f58eb51a5fe9
743,137ecb961a60d41ecfde185739bd7257
748,13a0b032c56a815def168178b62740a3
751,13a70edadc69b80ff3c72725a2f2672b
760,13c46a3026b7fd92e4da0f2a586b2039
765,13dece5418c000f5aaa7b9126d2f64a4
770,13f9f39cafbdbb21c3881f83a0804122
773,1402a20893c6021a080ba3bf90e580f0
774,140f6d338034945e802a0d6e30eeb882
775,142f3040fa08a4067e0520099ad3bf74
784,146560968a5b88fcade3e9c7ee05b5b7
785,146772483c189097c41062647143a42f
792,147c088691b3c05ac699a11eb8216f43
803,14ab0f2c0befcfc79c6558736f76d749
816,15195cc18ccc6a3b149099a776741aa7
827,1553777ef6015652d50a72ebe6f0f124
834,1586d1d234348ec4ff21c6ba45833126
835,1589385e83efe02a02ba9e8a9965822e
836,159663733b6433a457f54b17bd3f30fa
840,15a2a7eb2d3d09e62de14cb0fba7aa96
845,15c93ef1bf84f1a946d5b0b73cbb3646
850,15ffb72e30c103493eaa4efe822757e3
853,1608c16f1d9ac6c22d114b5eb0174a5b
855,1610eccc55e1f1ebc3deb4828a156a46
863,163c4cec3fd37d8ab7cfd3d52c373950
864,16411a60902951ef689481b2dbedf579
870,16644970153b1f45b709b054451ae4e8
873,1668c6ec78737323542442569059993e
875,1681e3be6e022703c293933c1b689460
885,16b22425b8b1f8863ee3257fd5af2178
893,16c42761972cb0b930cc2ea83154cb8e
895,16c7f10ab03089c55a0ba347e195e396
896,16c90bcd96d729f3874c81c8139d0443
898,16e0fe59273140f094366f4a128f777e
901,16ff4b36ffd071a0e447d5e593a68faf
908,173754a21fda0e0b864473212b3a6ea2
912,173e65c17ec47ed346e401482eeeae8b
913,173ede762e40cf18ff7c4d105c6e9574
922,176c4c305d8b7ec62048e2a71f2f0c43
925,1783357bfe5ae30c5e5dfcbaef26a277
926,17869b1085d675422553e7146c25cb5d
928,178fb2f1131a4605b601b9a0c0d0fe25
933,17a588153bf9f1cfc02773cf42c05bb7
934,17a880cedac1f4546a48b5fc72a932f6
939,17c1a67fe64ed0abfaade89d8b16de4b
952,17f957abbfa1f1d63310c7e944f38509
953,17fb229d908d8a5bd3a9984a03bf44a2
958,1822c3e3b592b434c477eece2744cab3
962,18470384b97ddc9834bf2709b2816c94
964,184c247442bbbc916bd6aaa095a3e2bf
965,18513168acd32aa39496caa8a7428b81
974,187a8f939a9e439edf0dca2dc1b83ec3
976,1882c0203670eb46056cd671cd405850
977,188f569217824efdcd76f53031e4cfe5
983,18b222ab5caa454e11038170d0f4210b
996,18f666e1adc4633fba154456aabbe053
998,19087ecdc5602ca455482fecd168e79d
999,190f89c1b1ce00fc78e9f413e69cd126
1005,1929d7b35a8ce272da68555d7c97c11f
1009,193373f4f7af3fbb24782b1c18cfe7ad
1011,193a7a195b14657e1b8ad1a0b1f0c1aa
1018,1959a58897fba0fa395dac15f135bd20
1020,195c884ec25f88c1ffe094a8778fe836
1021,195f1dbe69b48027c18cdfd170aa56a2
1026,197f78d446c4ef0bb902706ab783a3d8
1032,1998e81cb297b1af944dec8c628d1bd3
1042,19d4ebb6348752be6a8495eb70c5d025
1044,19d7a34d3e1c353d04d61a3d180c0344
1045,19da88e7f46f498f399ea28eeaa17791
1050,19f383d37edc9eef70691d677e389428
1056,1a09eca4d520c6bb3a2406b4f2264c26
1058,1a0e9014ee5aa96aadadb54580a393bb
1065,1a645494f48b51e19cd63406ceb233ed
1067,1a69b79ab5e9e28f52e42616c1e47840
1070,1a892bef42adba2d1f2fa7aad712e35d
1071,1a8a723744eb5d4920b3a876eac6fc0b
1083,1accdfa1d61dc9a22592bc94153d42e9
1088,1afeea7e143d1507d8603de3f9a1deff
1097,1b20de66a04a1bb3d638cface29b2543
1100,1b2b82861f9314dd9b91e1ed66e77edf
1105,1b587d5a759e3709859b7fa1dcb9a007
1108,1b6cf3019310f11ca77cecd861ea80ed
1112,1b7edf2663733ffa5bab2bf1fd10dcdf
1114,1b93133495e5678e214faa38a378df76
1118,1ba6b64641de5f297a3ff85b7c6faab3
1123,1bb78f9c655b7533a7d2692437b9e664
1125,1bd2f9ef62b85b260434693d1e60edff
1129,1c08bd932530d3c42588d342a738619e
1134,1c1cb9e4229f6cfe6f1e7bcf22ea307d
1135,1c1d7823979b873f6655d0790e3abdec
1137,1c1fce097ddb13e2d862815c8eb365fc
1138,1c24f2894f6a4e18e1a57de04af11f82
1139,1c2506981fb6742f39575f6365840699
1141,1c27f8a4ccab1013b5f7b379936f425b
1143,1c3cb10c9ed005a63bd92070ba9a8840
1159,1cc22377f6babc251bd1e532ca89358f
1162,1cd156f098263b75db6835f02f55e63b
1166,1ce9202af9952a2a32e832ecc7e20eb8
1172,1d09eecd11b529ecdd4cc0d31f1aa831
1173,1d0fae1cf2677d2ddb46b14b62895920
1178,1d322f3024b19731dc109f0b6d16ea7f
1179,1d48e3d2c481263e6dc8570015f36ab6
1182,1d6344dac2188c26fac626d6e2da5da3
1183,1d6431c7c46a002bd79e3ffd2a88be7f
1184,1d663f1657214e65f20dfd64988a50f7
1188,1da37a448b12105adf96e13b2e989198
1193,1dd6483412ea64bb89a0c4845202af4d
1199,1de6bd391a0e824891aa825978170ad2
1214,1e4049bf61698b44c1c2a087e4037c16
1220,1e62f4a12002d66b1d608fad054210b0
1226,1e78c93091442aaf4437e375e66b7ae5
1229,1e80425fb57627f110e9b99814b89ab2
1237,1eb77a3c711c96c3283945ded0a65862
1246,1efdc0efbff4694b940dbf24cec3f9ca
1251,1f18ff8891bc0e7fc495ad67cfc1c340
1260,1f477ba9938229f505d6917bc4aeec91
1261,1f54b21362b18672bb668dbc02b59233
1267,1f78b1b0201230f49eed9abc6929efbe
1273,1f94c9e02f73e699825563a8a86beb64
1274,1fa089bd7c84ed41f8aaeb754c7578d6
1275,1fa339bef9e89f637fa4764fb6ac83a1
1277,1fb34fcb586e461a80ef9fb2d6289372
1284,1fd8dc10a614c617c0c80ecb03d2a053
1287,1fe7ef2d390d5e2008b4c73412cbb0a3
1291,2009130652361d969e19b119cac4775b
1298,204167e3212e4bf5f343ad12cf2f3aad
1303,2052496942492947b5958cbbafd83673
1309,207d6a12f7414c857e38f91b248ff0d3
1311,208bd176bd4bc40b57c85f3fb62588e3
1316,20a52a10bc3ac45bc625a8951f53bb54
1319,20b91ef8cf54fd235050ac4103075d27
1324,20c118dbc3d8b33d126d385b7c22a691
1328,20dc3dcbcd1174b5c421a975806bb730
1331,20e3372ea9dfe750789c4cab947665d1
1332,20e5ae58a99c0ce0d0cb36243c702a28
1335,212761ad05423645e6a9320ae3b0e24e
1337,2128e334d58e4bd1eb082c6ba80f596e
1344,21532345e8aef75c2564278c96f14a3c
1354,219ff214ff9589757f25a832634070f8
1356,21a93f8dac887c21750ee82b98852d5c
1357,21b0129a8aa841022d13ffd3319d00cf
1363,21c2e59531c8710156d34a3c30ac81d5
1375,2224648d3a5eb93a4798abdfafee419d
1376,222d31b1e1b0b32ea2a97c1b82411177
1377,223cef9193d80778e1544a7b4f2f0dc5
1383,22640cfd165fbb63aa8839fcbb672e8a
1384,22651162812e70c3b94fc57b4c8e972b
1389,229cfddf4ef4383779e65e3817577ea2
1395,22b93df12b37bc24721765716b3ba07f
1396,22c9fc8dd359734aa71e53d84332b337
1401,22fc7796cd56cd95142a5293bf52c1f3
1402,22fefabfc47770f1a8d340a70d4b282b
1403,22ff6948fdfc1c0d0f6d32879e9cb3b3
1405,2305d4229d1c3f93cab6576d86b06678
1410,2318249fbf6f628d03955f7a2f924ce2
1413,2333766a31adbcebebfadc37687a8b11
1416,233b61c74613e8be9548a5c608ef6538
1426,23919d2565bda7d5d5100a380a95ee77
1430,23a3dd6703db63319a97a7e4aa11fffe
1433,23b64608f700736030a430ef3372ad79
1437,23d288c43de2db763a0c4b6933b7641d
1439,23e47ce5839e1aff914068a19f729078
1441,23ea9e7f9d827fe2a502f858214f8b35
1444,23ee99496a1d208fecc030262850da74
1445,23f020fd988aa30142270c5bbf820c05
1448,2402a7a632453a590e65023665409237
1449,240639d2db886ee08f0b81a66725afd7
1452,240d3529abf234d6ee92786ad304d12e
1457,242b7aa4526b5a130a01d356a1b298b6
1465,24842258f1e6e998c3447ad5ffafdceb
1467,248f846207cb42b741b12c8fd0a15f7f
1470,24a0a327db433c594e5c277b1aa370b3
1473,24b7d626074c4725de88eb58faaf0fd9
1477,24c60f612fcfa483c772f3e69c8ece24
1481,24d6204019f5e31d0ac802e63b0a6c1f
1486,24f01986786b96ec30f639aac226d3b0
1493,250d14fb31b3cfc79f1be69359658a69
1501,255c82336baa183e72087f648952e166
1504,25746c6896ab53dd09379e3981bea083
1507,25a83df89146ec03bda6196195e978aa
1508,25b03931e8b72d8ddd86d45b5e968f70
1513,25e1b52a7a82134b19b2eafc18b8b74d
1514,25ebddec7295961e35a610a80af4c9fc
1517,261448aeabe054cff2aa70c69d6c2e66
1520,26290dc34654fc24ec30b530b6e6429d
1521,2629117eb195302ab766f056f20c95e1
1525,26546c73ed46d3a3bd520ff1a5c589e9
1530,265fdb1ff17f706ec2805d43ee0a8ca9
1539,269d9d153f9069c58a40100a2f459730
1547,26c9ff19dba384e93b902519a9ba95be
1551,26ec29ef3a4acb9e29f376a0a3d4d480
1557,2702adc6866eaafee72944e173658770
1559,270968c51af0f9056d9ce2350fa8c00e
1569,27678a1ed684c73a95fc913fc59b8ee0
1577,27a98de32dc228eda003d949c543dd46
1580,27fcf25b1a17b913b4b9b40c056facaf
1584,283a03e41b500a53727fd3787c8ee6d5
1589,2844debfc064672640a883c1865e713e
1590,284a5b6a053fe7f7fcfc761440d6a08b
1591,284cebf2399d0efd7f3658ffb4d2045e
1592,284d81c89a6f7435b0643a13785e2e2c
1599,286f1f533009412736227d12f9b1203b
1605,289b1c952b9e12f1062bb99b5cbdd49a
1608,28a359134ec1a255ccf52df213b0b033
1610,28b49c638c74e6f7c3b568e2a3901c93
1621,2918cc30b424dcc858962a56e651e503
1622,291e4124ffc4862c14de3db1c118dfcd
1627,296bf461d1dcdf12ebbe2fa645ec2de7
1632,297f749bf5b3d8f8d54099149530b34a
1644,29e3264e38d468963b1aa728ae4b6b26
1645,29e4ce1e92873d3424802466da1a6c64
1648,2a13c13293443f940fb7b1e9325e465a
1650,2a1555be141df03c563aeeed33036992
1657,2a3ee271300a7bedb7215804df4f4299
1676,2abd20eeaed04b683b4a34547f636667
1677,2ac0ac9acb254cad52938258cf37c470
1682,2ae3ff374cbb45573aa9666fc42e4fac
1687,2b06e7d560326d68fb062421c3b6acd3
1690,2b17773d44b0c36a36878d5cbbb6f0b8
1691,2b2c86ee5f0e0fd6ce0b1dddb2f6373d
1696,2b4ba465d44abaab21b8c402ec982ed5
1699,2b64f885e94a0f2c7fad5594923872f2
1701,2b6dcdcf0522260be0a45d8a7ba17114
1702,2b7eab6c54c8bed25c1c6dae0846d077
1722,2c185a4bf77f7d8a24a1b08ba57434e6
1731,2c7c230a942c404d5ffe0939c46395bb
1736,2c9b13814e410538fcea70952e3f460a
1743,2cbc3b2d7fecc92349dbcbd18593cf37
1752,2d17b4f90e8af46973955e480f377774
1754,2d26ab679cbee0ab71b2598230cf388a
1755,2d2a0b6f36dcbcb7aa8e748ee7a534f6
1756,2d30394d81e6d033913f4aac7944845a
1757,2d37383c8edfcb5f72edd055ca72c6f6
1759,2d47f3620b470d54112bd3ab0accc351
1765,2d538f0577502239a6749bee5e58ead3
1769,2d6c32c71c285502113cb2cafc73a943
1770,2d810017f351e034fc57f65ece5cb9c5
1777,2dab63d60b7d53a8d69dc17be165be34
1781,2dbcaec46d5db650d8e528983bd039cb
1787,2df735a4213187b7bd4a5fcddb612a55
1793,2e111e8662fb668d523c4328111a9c4d
1794,2e11deeee072805173289b0c455381e1
1798,2e27af6d1736869d6d3fa7f43a2b165e
1800,2e2acf82dd9bbc2d254560693d1aebf2
1811,2e549564634f5ba27087f33c1d48c14d
1821,2e7f93c0cc7f437cb67a2e22a45ba933
1825,2ea8ddb7a10a1379a85389ef90a86093
1830,2ec13fb175b7b80b138c89aa3f9a5882
1832,2ec96343810d98123d98d6a844392e83
1834,2ed16542f2e40f2bf47c7cbb2df83e34
1848,2f3359ab69106840fbad91604c9f2096
1851,2f398bc6822e6835c5ea30ad806aff37
1854,2f4e264018bdf4e724e09645a6ce5978
1856,2f73e7f1464eee30d064049741306527
1865,2fbc162d1acd56a77f2a415d2583da38
1872,2ff9d8f17ec6d64df775638b273af436
1873,3004f01caf0388ea2a37d2d65f130e72
1874,300caf4742c86e4757aa9c56e348b56c
1877,3022023d97f12e91781573d1b59cbb26
1880,302abb876fbd1367bc714287d223593a
1886,3064d51affa2bf80d5861425203345eb
1894,309ad897871a8203629820c9aca63c0a
1896,30a24315275ec9e89031a1ec6a9ae70c
1898,30a7a45f9c3d3972ea5f5f7a5da66cf3
1911,311d5abb12e90e61a3da3dfd6abe0609
1912,3139b75414af591f7e676e6bfe981e34
1914,31493cae4a583e065164d55735bbb5bb
1916,314a1297803ee1abed92851a4d40b0e2
1917,31567cb14907c59e2c6a15ac0d0950e8
1920,3175a95702ac3c63cceac185782b33a7
1929,31b66ee7a8e2ec7d9914414de7778741
1932,31cf1325c0a9397798a1179219ec6883
1940,3237b2e19955850c8634601218259c72
1946,324c0e51a19da926b354db0ce7512c92
1949,325330703a58b6b3d983ef50633973a3
1951,3257c10b300844f3f39538d9624ca33b
1954,326283448627dda9b518eb5159b3ed17
1962,32cb66de0a178ae925ced44931508815
1968,32e138fbd2432e1debfb6d3bea65dfee
1969,32f69f9acb5701c37499815ed3b0ece8
1971,3304149701629f7f269c27c9e585c66e
1972,3311a07377a06fb6da7a7fe4dec24d05
1977,334018c67ba46c46a59b18656a96dbc8
1982,33515b919868f5e9d0c1d6c17e06f4c5
1998,33ecd47ac54f8bf01568174d854d67f6
2003,343d8d24fa2013a9268be62ad1f8d55e
2009,346b3db05dab727640935da1b70e12ea
2014,34921754e66cbbeb36226a74b4092154
2015,34940c88f0cb0590928880d39e222ab8
2029,34c15e1aef62649636ae3db55964a81f
2037,34fe768f7cb12ee28dfa446af3a3c912
2043,352ae37c9f5baedec13efbf80986cb2e
2047,35475583f01aed6e6e17336c5e7b0d95
2052,355ce78d6b78345130ab0b7259ff6ced
2053,355e0630a8e2679f894bec135f784b74
2054,355e2a7fb16c9c4f7d416a7f7ffa454e
2057,3570a0d9262e3b197dd86294c894b4c8
2062,359afebb4ec2ce5720115e0886ad9d9f
2069,35edece29c2bd99abe737485206e2f22
2072,3605f4a1067ce7a522ef1bc66eaaf7dd
2076,3626c3204267548ffa7dbc92bf65e692
2082,3652167710d2cc005f0a3afceb3d6575
2089,366d9fffb6d4f519cc2287a1d16179f2
2090,366eac264d638804047fa991a28d7dd9
2094,36b8586b57060d7cbb35a3b17c8b108c
2095,36bb63cc7b7ef332467344efb839326a
2100,36cfc6135bdba425f1927be78995a06d
2110,370b769333a5d63658ed8481be4f2f7b
2111,370b7f4d56c073c374142621c1314443
2112,370c92b35f155cba604b338d87d14d2a
2115,3727efbca4eabc530e9429b40da237a5
2118,37435a9dc5e6574c4cdeddcd1837852f
2122,375b4b73541c84ed8fb5841d4c81a8ab
2123,375bbdf06e31099995192b59ec7a5c4a
2127,377e2c6cd2f0fa13614abf60ee2d7f31
2129,37875bc03038a54ca15107988a1776d7
2136,37aaaf5fb2b06ace28366adf57c399b5
2142,37e0009463d7f5f465c4370730b3d8d6
2161,3836f5b33796c4849388cba475c65a15
2169,386346d494610027d50eec4df8509233
2175,387d0d603dfa3b97eda2a9042245dfd2
2176,387e32ea704f4a689288dd87536560c0
2185,38e60ab47fa0cad1379fd20731a43c2b
2189,3903ac25d6108ecbe4033c81811b14b4
2191,3909a7f5619db185b530bf75c9294700
2198,39208bb2ee9b322746989f94effa578d
2200,393e05c8516378be7bba1013c7a24d76
2208,3971fb14bced79ebe75d7b3bcba2016d
2221,39abc0a429ab9e1825d0f735d364c643
2228,39c43242c47b7c782fbb4c30f705845c
2237,39de884205225bb6b3f59d08e698b4c0
2239,39f64ec447dcd50b3dacc07bb33f48d9
2240,39fb8026784aef792371d9504a225b2d
2241,3a09246284a612edeaed8645cd07e2a8
2242,3a0c6c34864c1f8a2915d8217826b9c4
2245,3a113ab02b80964342ca3dad636604e9
2249,3a25d25f689a5bea051f486c9eadec72
2256,3a4eef17b14715dab4b0cfe825c421e6
2258,3a5e3a4bc1f6cda6f468cf398d677598
2260,3a649c1b3c3a3a419452dbf1d09ba4f5
2261,3a685206d0aea19d8bdd96e6deca971d
2262,3a69ae0b30eccc398208143a10889324
2264,3a6c2a21883f5cb35d6c96428c99f312
2275,3a8d9db7d5cdf8839acddd5d21b86fc7
2282,3ac4914cb8cf1741691a9f8ffacbad6b
2291,3adea884c3d4589bf729c894a63fad33
2293,3ae9f17d4c7ceabea430493e6a18b051
2314,3b83aa7403f97fb8ea3cffae232a986e
2315,3b83e3c5c4d4a1a823d4c4af9cc5e63f
2317,3b93d2e016882a672069fda67b187bae
2320,3bbb98c55bdcb01f45d8f142629574c4
2321,3bbccb82d996361aaf95a0097d1fe5bf
2326,3bd308382d2d1d20918cee15552cfc7f
2327,3bd475d3b107edd62040183b9c244cfd
2329,3bd9b5300347ac6c10fff65c01fb5624
2341,3c35b1a3edc538b511d980c6add2f150
2343,3c445b6d3ad653326ccc771a88dde6d9
2345,3c4ecb063d050df1500a8440dc92173f
2346,3c60dbf54f9256631e9a9013742bbe2f
2351,3c81be6cf37d2943a2e7aa323930c311
2368,3ce0bf19117d3678b3faa66dfeb314f8
2373,3cfd7d4aabd3f57cfded1a9776afdccb
2374,3cfdac7493292a13464a972694e0668d
2380,3d2ee5a1213d1791930421962c3694c5
2383,3d4359bb732928be6fff7d3ce1b044f3
2394,3d84d37ade30859c7780ecad9b6edd68
2395,3d86f9d171d4e3b9a5dc9c40a203f586
2403,3d9a78c58a4ef6a287cfffdf9de90073
2409,3dc1c3492c4d720193bd2bed4ef667fe
2419,3ddc9920574d2b58d465f5a4b05f217e
2427,3dfc42a88f70bc9b11b298acc5ef650a
2432,3e1d69781e56c09f1cb646a76231b1cd
2437,3e23e7e78dc8bf58df39d1849104d02a
2438,3e24bfda7b4c6e7670a4456e7bb8f564
2441,3e2d7d7cd6dcf44146dc8083ad9aeece
2447,3e60b502d00347ff186df874d7e9b832
2455,3e8dea99319c74f6fb0329dc8325da1d
2457,3e97515e8a867ddc7ae4f2a0ec39191a
2465,3ecb628b57409e0b1d9804b5e749ecd0
2483,3f43dbe39e77158ece9023adc01ec858
2486,3f518326bf8edda980c5dbae14cf780a
2499,3f9f7840565030dc495c5fa1cec7fd65
2505,3fcdc24a1c0f7b9006969b4d173bdde9
2507,3fdbab67a27b00101e4d8203ef17c0b5
2508,3ff28e41c75f823a6ba56b8ae0c0c474
2520,404a1cac5f1d2bd292ece1e435b4f0d3
2525,404da3f8c3f0ba5325e9c47bcd148112
2526,4051bc06f599a532b94e141c48a36830
2536,40848c5ff6a0208b793c5d9ce7b06646
2539,40aba2cc28671bdf9dee9250be978208
2540,40b2db867bca6a6aad9f8c9e803c4d4b
2543,40bbbcd4f8d119aed8605662ff0ffdbf
2544,40c0ce570c2094d2686827bbc522fee9
2550,40ee6abe47c53134bdd604ac6e8ccc84
2551,40f7b25ad395ee64566ce1d5b585eb27
2552,40fa621acef566b04a237b818cdb92ef
2560,411583d7b50c7e0af6eabb7d6f3b904a
2570,414b80e9caa5c94c5b39ca3e51dc1a6a
2573,41505b155341ceb29e226c6d815c17fc
2574,415de4362a88be67bae35bab504073f7
2575,416021cdef5c68324842fd61c6bb1127
2580,41a2d33c9aeede2ac178c02d8082f09f
2583,41a805f05062b6850e69991bec24e6d4
2585,41aa29c9913a7f634ec3c29e4d63d1f9
2591,41e1c87605cd6f835647bbe0421dc1bf
2594,41f2b208491f0bd9f11fac584c75f809
2596,42045561b8667a45d34d47f8ed67b98c
2602,4236cdaa2696697c6cb0b1e621da087f
2603,423af6bae704001bfa5eb0974a4f53ae
2611,425b3ab1a84e2a228a2af88c52069cf5
2616,4278595c1f073bd3fc438b57bf55c699
2619,429e902aabc71e63be62c210004f4eca
2641,431026b08c05ec8a8aabd877ad18e706
2644,432572ed6522b5239d38679d82233d83
2653,435e821b98f08296b05d7db3307a3216
2654,435f1f4a7fc1e33504b4fe5f1eb5e579
2655,4366621d6881aa257e9c5cc29d13ded3
2659,43783e3eb31f6ad5cf14723b28a806d9
2668,43a707b3978096670979662053f0e032
2669,43a93e5fb7c1d600d4f5c27a21186f8c
2670,43ab8de71f5bc49f58dd3fa25cc5320b
2681,441778c9a01acbd613ea19c5d2db1fe1
2695,4481e6fd30b4e8943c39611588b0bd8a
2702,44b3e39ba1642f0955e7c6072a3531b9
2704,44cb12576c5dc56d3f46692cad21a4c7
2712,453b935e07ea610ae1160ad0ca3609b6
2719,456cab706e9fe2ea7bcd69e12ea2eb0e
2725,458455074ee29dc441b2389bec42b82a
2736,45c0bc772a9b116747d197e30fe19934
2737,45c3039195ed91860ca168f46c6b646d
2742,45e049108aaa7b640d60ea3601396211
2745,45ea2ad0e58b8bbe5026ff33aa31839f
2752,4610be284285106080b8f74ed35bb622
2769,4684682b501626c3fa83dd3eef3de6d5
2783,46df885e11d4189efed5ac29233788c1
2794,472db867008d3550786dbc959e6d7d20
2804,4757ce94d44f26001919ee16b7435ba7
2808,4792f7387b50eb405c8f514b3d6fd45d
2819,47ce0c1c39a07d8438a368a62660fc59
2826,47fc13c847f70d129ab5fdf6ec09d33f
2830,481976333708bc36e065ac487cf7636f
2832,482bc577390d5245b1557bd7bf707175
2833,48362c34abc225f1358944b47f2b9c4e
2834,483a1ed68c9d57002fd9035ac3612392
2860,48d3df333ef5b3c50bfec01b322c071c
2864,48dd8bd902ec9a336dae513c1f1a4b2e
2870,493086633f3da219b6fdd663fddcf443
2871,4939fa9a1179fd842a0e9aad0cceb493
2880,49704d7ea6794110524289c2895c0438
2883,49782d19a92a8afaac3be4c1d2e557ec
2888,49964d34c664ca7514aa0ec5f0ae345c
2889,49993b0cb91ff4ae29a6b2bc7b2c1895
2891,49aafac9e5b4ccdf6a3392f75cb33d46
2899,49f72f232b94f67915e05fafb0b77e2b
2901,49fd5041fb61aedfb00d50430295fc30
2902,49fde04730fc8d30896f40ab993e9104
2906,4a0ac343959ce8b8077aa65628f5c13d
2912,4a291d8ab2072b11414494d85391c0ed
2920,4a46ce25cba5de6f3f998b19b706ba47
2921,4a4b25f9bcb2c53ade58c5f3d8e89371
2927,4a6cc6c98657e200e4a1d88d41c697c4
2929,4a9e69755937d957f37781559eb5053f
2935,4ae51f5b647e65c4b590f18b884a7eac
2936,4ae65e244883e778f1b6ae7db84312a5
2938,4ae9798261aa2d064ddd54c57b4da42a
2944,4b00aa082e56b2b32372c134b31d6aaf
2945,4b03f0b2b2b4af15bb9b2bcbf3b27dea
2949,4b293f2aca6563919a20d6755c34b52e
2951,4b3825e6e99788b3796ea562303ce9f3
2959,4b55ad6f8e401f9760359b7a108fccd8
2963,4b6f414b8bb08e174f63a66e60296ab9
2966,4b8d81559dacee335f9570f30932bf59
2969,4b9befdc06b464431a35aff53d714683
2973,4bb25927159ba41bb305180783fd139b
2974,4bbaf15422588e14aa8fc98d3f256f78
2977,4bc25a6330b5bd26d31297944506dcde
2978,4bcf721d0eb7b082fc345f32ddcc25cf
2983,4bfb1cd6abab3b48ee2d9ce986945313
2987,4c105a173f97a4448c9024f727d3eaa1
2990,4c3a5fd69d9c874e6b7fad501674b967
2994,4c529ac832c5ea309af5da752c7737d0
3018,4cdd46410f5db79b585482a7c7e2e3ff
3020,4ce69a3193823ed38831e99fed8a4e9b
3023,4d103ee8842f51c85863725112f7df3a
3024,4d162d0552e0d33e16f320e2cb8217e9
3028,4d20763cb8d41226a73d129162921a96
3037,4d4fddf3fc13fcb7215b541d6e529bd4
3045,4d8e1784a124cbe04bc40465ab2058e2
3051,4db46053405dff9dea0f06f411a04c8c
3053,4dbb82487bdcdd4016d27697b412f135
3055,4dbe0671e4515d372d9c9dbc0e2d880b
3059,4dd056f56250d5dadf1a24663444c6d9
3062,4dd6fb80507d2d9adb655b25d60b3a39
3066,4def61d91ef46ec55999b7644396421b
3070,4e1e5fc104744f89bef6c2a81b7b55e8
3071,4e288949267adafa5fab3f2c480e882c
3075,4e365569c526360cd4a765b3c9a098e6
3079,4e7b13d881858db9bc62d00f8bcd4d0b
3080,4e7d2ef9732892fc2c6b3207f90a0af1
3082,4e8a18636773c322a9236abe63d15388
3097,4f23e6f15104c60e7c8937334751feaf
3103,4f4b296430647bece8fdf30490dadaeb
3107,4f59f4b92c9d8722e228489ee31232fd
3114,4f68b892510c42bb96379f35e3b04ee2
3115,4f6b268e095080b5969f7c1b2ffa2ebb
3117,4f81e6274df0758e952e12c27e0a44f2
3123,4f8cf62c58f7f3c9055488fbba379b7f
3127,4fa327cfda8447c352a5d0174d2c2a36
3128,4fa387f30e5b31d6b203d30f7e45597c
3130,4fa8dff164518e593664f8bedf3d24fb
3139,4fd1a5f0e5d50b1779407f5220167192
3143,4ff69525dd4fd38c5f5ab8efd13d32e0
3144,4ffc6765f4ee12d9c9dcca6d428949e2
3146,4fff100ddcd6da731f27b6ad73c6c634
3149,50094cbdd40ef13b280b866a6b07875c
3155,5036c8d52f4992c000327c25f8446852
3159,50516107042785adfc437dc45720dd51
3161,5063490c1218dcc603dbad1f87e91847
3166,5082bf399a5a22da717f20f8610de95d
3171,50a86b2ba46bd350747852e457d94254
3175,50bd7b2c63bf94b4e083a2eccacda32d
3181,50e8599182ed04ca26ba4861ef356573
3182,50ef18b25b94bd47dce67dfcb5377813
3187,5134b43ccaef091a9e18109a7bf870f7
3191,514fa81599bc49185cfc8d16da41c03d
3205,5196e851287646c21c22df7bad445138
3206,51a1c193a1bec28857fe8db62d78d77f
3209,51b5e108cce0f8be848dccc14a6fac8f
3216,51d0768f5e65c7e4a98b27178ed80ce9
3218,51d63a97a03eadd96b2b9f91f1cda872
3227,520b16233673dc60101890061a29eeff
3230,521013b40ae63459338228e220356fb3
3233,521f9ba16a71cec7e2737888be56f7f6
3246,527ddecf329c0f4f0a2d2d86ad1cb414
3247,528968cf87a281ba0e017ea84ca121d3
3248,52927df620dac272f5908e98972da31c
3249,5296a0aab254d6b03460697a3c3d2789
3254,52c574910ed46544df75ffc98a65c0f2
3258,52def05422e8ce552932ea71566bfc64
3268,52fe3197e4a5b91063493243cfeb3213
3269,530ca877d44b674769bc32a9fd910594
3287,5373d6fdd19febc66a68c6861b6aae78
3291,539800f67f2d09eea7feb0cda8cfb806
3296,53a06cf8bb6e233d9337b635d6602997
3304,53c9e35c7e7303fcacb03bdbf2e24c9d
3307,53de44ea52a79521dd54e6e13f504d08
3311,53f07bfa741f76ef45b3668d2d08ae4c
3314,53f6994c65f26ea4d605bbff1ee10abd
3319,540c80e8ab6ef9db9d1b354f6eeff64c
3322,54102e80dca5f01350222e9b5c897c13
3324,5419e7ab12d447c8850cf7806bc0c149
3326,543ff001b5a091d49aa8e84670573a72
3328,5444b281ae7ee6ced8fb320b60a81544
3331,545052dc209b90d28bd4038ea590e331
3335,54632919a377cdda536adf2ef67019f5
3350,54ed26cc574e0d17b4c91f10422c9c61
3358,5524f7ce68a610abeba4963b502b3336
3368,555b95b786abf56ed24f071f16e4a692
3374,557e00e8c964bed413b04d31fef0a8cf
3378,559cac5ab4224f7a385cb01080086928
3382,55c85e2e413330187c30d69824218adc
3389,55e2a511cadb401867a7e54877f40bfb
3390,55e7f79c39f8f469977a1746c83eb64f
3402,56229cce93f28af26e6349d32cc5af3d
3406,564454ca545bd3b7e4891e33f290633a
3411,566a61bd3e84936adaf4c19c34db91d2
3422,56b9e585ed4c7619dd76b8997eb4ff50
3431,56e3603306993e103787efe1769b4984
3433,56e809830ecd5f1a889b849a42e41697
3434,56ed7c9cf69e085f97ac8c3673553f8d
3436,56f29d812f7c41072695c5884b34d9c5
3437,57039d9360fb65285b5caf4ba92a8fce
3445,574923598fef15717fc7e10fee02fe02
3462,57ba74222d488c1797fd83f589f93e14
3465,57d6f0835f59154465cf1b9f04f8df94
3471,57e8b60c603265aa216879ee0840abdb
3475,580d766cde36edf75151a0e66aafc727
3491,5889bdaf9b3fa7c11e1a97278b8362b6
3494,588cbc48a422cf5cec105d82c53692f2
3500,58dfbbb58e67af07e09a4b3875335d1a
3507,58f696f9a924c1d289975bf20a124f5b
3508,58fda0a096803c6961b53584ca06c1d5
3510,593e095ad4fc26d282bb637c8641c72c
3518,5990ddd44462f57d6b2ec3ece99bfc7e
3519,59960fd10fa456b8654311456cd8b41b
3527,59be3e68f2c74297d2a4bcda7bcf1b23
3529,59d53a25263b9526c7c7fe83482fb569
3536,5a2fe639670d51ae939686a6d6113906
3548,5a71bf12c5bfe80d1bab0664da06d339
3551,5a9037ddb93d26c7c223b72d0026d1d6
3552,5aa060f1103a3ea61a27220255c88b7a
3559,5ae393f5da489c44e31ec33e814aa9fc
3564,5b02e68803b514fcb365b6e326382afd
3572,5b23cf90185c7ae7fbd8d3e125804b8f
3591,5bcfc7ac079794635273f5934a50c733
3604,5c26f5ae9af64b15499b9402c77592c1
3608,5c4224886ba7a57e8f082e74a54fba89
3615,5c66fa909389f4487961a7ec4d24c5a3
3617,5c6b4c47d9141ad06b49ab28cdf08fee
3622,5c8df34967b2cc3e7fe4e5afcd6c248c
3627,5cc476a86633210fbe0350b6aab69c83
3635,5ced19b207476c79cb1566a58990ce64
3636,5cf4b2e0c94de536421420779b8a7d80
3637,5cf92fe27cc20ce9b007c63fa66ef4ca
3654,5d8a2eac9c76d2aa09438fb722b11d3f
3656,5d9ce607bdfdc0c094e2a907cf0c7dc8
3659,5dbe8ec6ad5be2127e8687b52bb332d9
3660,5dcf8b6f2072b6d76d689c6005b034cd
3662,5ddad58b06818a9c677c6398d0d2b8a7
3665,5df077012fc01f7042fbb351cd74cb55
3668,5e0a5eb5575517efdddb2799c90e2e9b
3673,5e2fb7f5ff30a0513d197c029a1f11d8
3675,5e383255c126ccb29cd776c78a218bc1
3678,5e4e123be49d8b742aa5fc99ebb34ece
3684,5e6e6b5fc0c4bc28421fbd571c8d4981
3687,5e809977d4f83c0c5c33e6ff7e1bcc90
3692,5ea01ced7bb85cf304935497b6ea6de9
3693,5ea278d5d7c0f46a4a9a08299c549340
3695,5ea2c2c28a39f245023fa2deeb945394
3696,5eb35b42b0f2d8712a5ddba74ff8cd1a
3697,5eb92ccf2368d73df6b6b1694a940918
3699,5edc42528fd89491e67ef8417461e3f7
3700,5ee5d6e757c94c219ca576b1440d8a38
3703,5f1b32a8361d36437be44c716994d3de
3705,5f35690768aecfdaa850baaa2071af26
3706,5f393cd775528b54cf7af909d477fd55
3715,5f75439a09e5fcff0f9710e98df5cc8c
3721,5fac3fbe276843ffe04a7221a3dbc1ee
3722,5fadd136214fdc8c3f369da8a8e34f5f
3726,5fc779dc1569b30a60a0717579d9eb69
3727,5fcf9d80d0e40250520a6381c00db799
3734,60049ec5a467792eb3d62b55a4f63c4a
3735,6008ce9c8a8bfb840d8b13b9a0d67c41
3740,60229b4e52969852b3dd2d5b620117a3
3754,60983d4f7c50f9802755dd9bef90e645
3767,60da5287838561a9149065e63c0292d5
3796,61f2a50e8daf14a2660c9eeaca30a717
3797,61f38ae4769f6f020d1640887cab2423
3798,62025435d7ee7298c27d091817fae95a
3802,6205e9161c0251b2f2fd687bf4e3429f
3803,62079751976512d84c91203321546e2e
3804,62090e436e3d10b83141cf6c595fbb3b
3808,621f764fae76e679df757df05076d018
3813,624088b43ca6d2f74899b03c0e9adc71
3818,6255968450b991392d9147fc1532757d
3820,625e8af9f38b54e46031163d6f8a32c6
3823,626cbd1eb8bc21a183af971432c4f56f
3826,6277859e50b294ab02f69b0c7180431f
3828,62830bf456bec284dd55a03f84995eb4
3839,62d9f9117bf891dfed8a4c9ba8468ace
3860,6379fe6b70d536a251140fee2723c9e4
3862,63898b50d2c3a122044897715d74ba8d
3865,6392c7c50656a30ec94dccf16d09a1f2
3866,63949c027ebaf8422a4dfeb1b2370868
3869,63cede2e81003243193c5bb26f35efc6
3872,63f9eb332836b9dcf8b2978afa5b203e
3873,63faac060e64b4a8df3e553d3c94676b
3874,64052ac156bcc099f4e12a825d1ae9a4
3875,6408cbd154fdc6783548f1caea854544
3876,640b11ed2f833c746938ed260414d2a6
3884,642609c1ac752ccd5489810818c1b9cd
3896,6473c90c4a31ff14e8e6d9ce758a8010
3898,6477f30856a98a30590c2a1f747d96a5
3899,6479723792bd4e17c1c0e96ea55cb3e3
3901,648b8254cade1607762931269a820374
3907,64bd5ee2cc18e79e5b2b6ad8426e9f65
3909,64c9bfe213f7e7d6ef76f1aa9c6672b1
3911,64cf93088e72a4a44f1d7ea7ee7361fa
3912,64cfdcd1968f3bb369a9b8b9e72297c6
3916,64ed9f837c1c70a4dd5b816de02f7cd5
3918,65055381589b7994cf93b5f03fbfa765
3919,6506fdb4fbb127ea9348e4314ae5b358
3921,650f841d4ab102478b8c829fc29b4128
3927,65312b4c1a4984c484d5350fbe84e4f4
3929,6547402ad92f910a2b674e6e9d242e6d
3936,6565af43e855bf1a35606f07f13433f8
3938,65748e2ad811faa01764fb1f1c4114b9
3942,6592b28d57555f3915220489d4cc38ca
3943,6596d2db6b87b8628900a142b1fa8427
3944,6598246cc2012cfb41c19a03852ce119
3946,65ae826a3a9f0857ae79e77014cbde4f
3949,65b7476d3fbd2700a5719327ecd55030
3956,65e601034be6c061ab5f5c05e424298d
3972,662b79124257df3deb6a9d79c2ba3479
3978,66456eb5472b94c90371c7805449b812
3979,6647181221faa4b750e04a8aa66f3a10
3983,6657fac486daf0383acc934cf7ee654c
3989,667fdfe7082d10a421cbebd3c2531700
3995,669883dd827baabd02b241c9ec28b55a
4002,66d66529b3e90b196d07af2bc0adf2d0
4006,66f5d2af7cfd360c3dbd035c33017c93
4011,671b86ed447c7256041f6a24d4a31a7d
4013,6737b917561b893a1c9e4848f3ba3801
4016,674748a05c9a4bda94b9871487b64f7e
4019,6749debdd619598bea58d6aa4c906dc9
4023,67807c0ab2fa15f18ee64ca87b0caee4
4026,678a070b141b5474a671d8108c095823
4027,6790200fcbbadea0bb594fd26c69104b
4033,67a864d0855c18d22c52344893a7e99c
4039,67dc6114fc97f454b0febfdbce0ddebf
4041,67e9a8874864651a51a680c88cfa774c
4043,67f786b5e703c67a93d607153f9a1f7d
4057,6859d977fc46067117fac072fc74ef7d
4060,6862c4d652c92adc8f5d8b1c2be4c8f7
4066,6898041c79266780f92d4e4845f241b8
4068,68a472a880b37c855e722a198da586ff
4070,68a8666281e8f1baf835ddea16949275
4074,68c544c563805f76965380821d1c7efa
4077,68d0d28d847dcf617fbbcca03b678a11
4081,68eed4e39149bd857e257be22a59fdaf
4088,6926b4834ac8241b6521e214f24d05cb
4089,693067bea9f228a80ed4e376b3ad0bad
4091,69422ee2fcbfd8d5c5844f35d82cbcae
4105,698587aa03d64c98947d53cf69a2a720
4110,69a8c92575af344723721ed4e496f2a1
4112,69acaa6aebd120a137a52f7c31a50a01
4114,69c1779c63748b73954bf0ada2a75129
4120,69ec1aa00aa16e34941bd9bf685287b7
4128,6a19e4d015e2cc8ce96a71e1d6eff489
4129,6a1e1c7c6452ebd15fc1a0213a479c1d
4135,6a49feb9202c4f6eb91dc84f99d5f358
4137,6a514a2dcead087074a16b37a76d48ac
4149,6a900e6f1e89edc90048c411d6ea5f47
4151,6a950cca1f37e407fcb8f18827b3d16a
4160,6ae17b5ec35e6f4df3778723d3d69b2f
4167,6b096f2aac80258714b2542334b5693d
4168,6b0f3a0abba20fa5c5a57b2f8c4ca528
4172,6b1b055e70ca8520164717b9413d5687
4181,6b444e59285fb5e2ca6ace75f829cf0c
4184,6b6424c1e663a84107b740d75cf9948f
4185,6b717bec263d37cb34740f492088a77b
4191,6b8f063f68d2119b16659ec38c309254
4192,6b913f11a526b1e1931799d4816e0173
4206,6bf1e68e03db1cbf34cc8464c0113e37
4212,6c2492af8b1fc024e05bd802bcb23e48
4216,6c48b4aa8652c7e77502e13a69eb69c6
4220,6c552bc243aa3a2480bea8acaa9a88db
4226,6c77680f8cdbab687d8443e04f01e62d
4231,6c8c6681208aa050416c45cfcefdc2c4
4241,6cdd06a8714fdf64a4105fad466a1b51
4246,6d280e196f3ffe148ce8e28d4a7ae564
4247,6d39bcabdd9b44ecc8c5a03a7576246c
4254,6d6fd085a1c62121aa5fa93c4efd39b3
4255,6d7c69349885975abfd4c2276da70dc0
4261,6da3b1c56286a8f3aeaca202db04019a
4262,6daeaf527edf4e796703d655e6421078
4266,6de30a437ffb7320b440ed81b5363ab4
4267,6de4420ee6717d7817506c0d453c4d92
4279,6e78a6a74ac0aebc72d98c086b265e6e
4285,6e9005f4e397ccca0c44293981fd2deb
4288,6ea3d7fc20c421bf798b84b0e68735e8
4293,6eba2d52d2a53de9e6c0460ea3716925
4297,6ed77f14476303911707bdba83bff8ea
4306,6f01b3574e698060ecf859d2d98b0408
4315,6f401aded10de708d77341d26b7c9dba
4316,6f437dd77ae7ec9093ce0023647f5a2e
4323,6f7022660d1e5ed4a87c9bb32f3b8a83
4325,6f79a801b022f10298a59dd1978ceaea
4334,6fc8816a35fe2cd6a2476183495f9791
4335,6fd3c264c9a2b9a16ba69cdad2a4e7fb
4337,6fd9966a25e49698573d5bc3ac4b724c
4338,6fe7b57808792cb1e49b5883d0074252
4339,6feb505791a77e1c4b013fa281a55977
4346,7000ee8b390716fba2c2aa3e0cd67afc
4352,70353cbf1ab73edb31d67ac19b095325
4355,7043c6f05f6545baed0b956ad5bbafa9
4363,707739949cf1bfc7cd73ed8d6a864dbd
4371,70bc7939e7b1f45e8ba91d0d68d2e34c
4387,711ac8d683782247a0368f94de909762
4407,71af91211a5eb7da7d5006c7fc2cdbe7
4409,71b389da65ba81144b8c11fe1060b549
4415,71d249cea0324af3677cd80b7108724f
4416,71d52a5b397f461c202ea155f189ce40
4427,726cdf1cf3f419065d6d0bb3f6dfda15
4430,727a035b406b15601e2f98a8fd98a209
4431,72969b48e8fad8fc42bf8419ac053b84
4438,72ca768fe65733b15a5bba69d84a92ec
4440,72e7eba74e542c234dc8e16fe08556e5
4459,734894c37f64f242d3defe4a6605203d
4462,73572e393c71298b181be7dd619ab43e
4465,735f9788bebb757700d325e9879fbd84
4469,737bd6d46526518fc4554574b7a3a896
4484,73cfdbd6c3069be25b685d658226f7c1
4488,73f382f128de2381db6eaff83eee77e2
4490,7401ea9a0b1bc2310e8b67f9907d7de4
4491,7408c0517cd23efc017f915e0f92c14c
4493,740f584b3119a7267baa60114ab9b0b2
4498,74453ae6c65c57f77fb9efb71f51cd8a
4499,744b7de741d146c2c6d4e0911d2e055d
4504,74693a101f169d4107d38febefdb5a44
4506,7479ce22894c54361fba24caaa0e7385
4511,7496606d071e578463897ba8fd03bec0
4519,74b9a61004b55b1b53c6e47e46a11452
4524,74c56ddb19799f66c1f514466cb1b209
4528,74df44fafae7d357497f9ca381cbeb4f
4530,74e7c274337925a2d9e32ed46ba2f212
4535,750d635cf10be8f806c51e0c6bbef719
4541,75302f6229d60d61f4f7c6deedbca8b7
4546,754e1b4ad8709c412a2a937de9d16231
4553,758839f47f8b4d0031ecfc112b91b0b0
4554,7589dca226598406e3905a4a84329c87
4558,75a9bcb488d9566a1c1816476788c5d4
4570,762864f61af12352f6e47636cf946661
4573,762da652f617389b3452b6058efea29d
4575,7630fd4db2135e976df8d969368b6ae3
4586,769264a615c3367bcf29788c740ee12c
4587,7694c8147512ffa606e44abb9de9498c
4588,769e5f391a7e55b42101404d5b1e2e16
4590,76aac3900dc45dc9738bca70fc49ed7d
4597,76cf30c0d79bf3a55b73c0154050b082
4600,76d558dcf4a564f84fded5a75931119a
4606,76f00c9ac875adee61dfef51f01fcc10
4610,770614d0700e5c8c19bc8390bcda1a55
4618,7728d442cdd54728a26544884d3a3027
4624,773dabca3e18653a38e411016a0db9a4
4632,775d50998b453daf09bc11ab9099f691
4634,776836d12216211557148be96e15ce75
4640,777bf177692a4213495d4e9cbd5919b1
4648,779cd5e87e1a3eb13adc4ba5df2fe237
4655,77c2c0544bc7c9a4c1f788368310fba4
4663,77fe26de1840d5c77e90a6e8f2eec391
4665,780238180f00d08c691009798771cf11
4666,78061542e94779994443ba03b926542c
4672,784702cdc98897d83dc33a3485860e86
4674,7862c9155a3653a71649a1b0ec451eaa
4675,786cccdf414c99a3aff6e9b7c7c95a56
4676,7872516a64722f7515869b56a761d197
4678,78848eed86e545c1add2a23312ad9109
4681,78a0a03b09c8b8f2cc14ff68180f1337
4684,78b30acb17ed061b5f3562469e7ee57b
4686,78b52aed49f75964f40c52a1a533e362
4694,78d77fd524a4dc68944ef94a2fb37f16
4700,7903eca24c2d82b763490353fcee3cd6
4701,7904229b1ba9517a66adb3722cb7c24b
4705,790d985730dae9a0b6923a83ada901c5
4706,7917142f8a17ab3244a70ede2c98dc95
4707,791d71d9f3079684715f6a0a718abdc9
4709,79261e13c15007c4ea237d69717ae8de
4714,795478e98090630a747620e8d5374cee
4717,7972b71a2ce797da5f0ee33623fde2c4
4719,797ceb35792e5bbf81e51c6de8ef84fd
4726,79b9af6e453cc670f77da0be2226bf88
4735,7a2cd4e74c47c981be8b662f1f12cff1
4741,7a48cf3940f0a7edd6c78148dd6bc743
4746,7a5ac29a74d6104176e5b970237d41f0
4753,7a870ef5affc951a7891c63c3f527f93
4761,7ab054e3d3c2393834d3b28e4f02c8bc
4763,7ab67544d406a79484eaa8b057e0e2de
4764,7ac2d4c20c30d2bb5fd15f328a0019bb
4767,7acc546241bdba0d8f31b8653e1c615b
4771,7ae5d80d420930203bc7cea06daac81d
4783,7b0c4eeeeeb96b0ee47571ace4f76ac0
4784,7b0edbe0955a1c26483dd781ead44e97
4789,7b2b60ba49b121401e4bd0251597611c
4795,7b64137a2f5c3fa5db2d0e2730db6a6f
4805,7b8a99801b147980083c32d98883b979
4806,7b9483ea2c2cb28dd347d5f191d6b9ee
4816,7bf81c1d6aeec57080519ee7e07f97d4
4823,7c22a8fc941376c9f32429b46e265b4e
4832,7c6a69264c1c894ab9b965a8b0ac7c7b
4835,7c71cb2e6468f77bb64288afebc6625c
4841,7c9ae7dd32452f3318f5942db44c7a98
4844,7cabd8d69bb9f3f610352946f6ea15a2
4853,7cd1db41bc466758bfa7aa5011830829
4857,7d1e7b72e364a2c1b678f28c73fcb62f
4875,7dc3b8e6ea292d878ed860a193239b41
4876,7dc87016fe8f641742f49ed7a78bdefb
4877,7dc8fb7fe624bdf1e27c7710494a9354
4878,7dcae13416fcd126102b8db3f4552a1a
4884,7e1337efe881f325bdf984451c3e7208
4885,7e2dd169c8904bb109b3157dd0c853fc
4889,7e6031a424f5b09db056bfb697314467
4895,7e794dd3ec6be6bc18f79add1f23077a
4896,7e7faafeb9e59ed99f619feeaded72f2
4902,7eab4e35a5c3d985adb569577cc1907d
4903,7eae138c7e6d7f6ad52cf3e8c89d4d8f
4905,7eb445f6c79841dc0f5d0cac64bd885f
4906,7eb4b0c941382191635ca443af9d6a9d
4912,7f01e1ae9f20734d35e478db2db8ec7d
4917,7f437e5bfded746c56f66b969560ad21
4918,7f44156892909d33e11618d9bf67e502
4920,7f53a33ef1d2e9e64d19d27d25b12ff9
4923,7f6d7305f82abe2bbced189ca053ec76
4930,7fa19f55031361ef56cf0518b78d54b3
4935,7fbd56beb54cf346eb2376406b278ce1
4936,7fc21d3f2a972aa70333a59e91b794a2
4937,7fc785953311ea776ae1e6889c33d70d
4942,7fe54bdcae1d44737ea7462db2353fd4
4943,7fed15b14e2d6eaf368619b23dfdc670
4944,7ff3d89e17cc963081e1264969fd0aaf
4947,800631a1db4d3f569ecd996c1d5d2a6c
4950,80133de33c57f8cf2bbb45060bdab2fd
4964,80671803d2d1e3c94d412ccc042e0dbe
4966,80873307531bdc3381e6fad3b3fc8d4d
4969,8096e1dc27d23853c53383f182975210
4970,809b528cbc4911b0ef2991305ee970b8
4974,80bca38ae0ef8c0853265b323f1f569e
4986,8104809c5a629bd89b1f3997ea6d6f2e
4992,8133477096b78a748ab972a7fed51abf
4996,816d981819bf7bc3da4f6874c254e742
4997,8172a6c305373771065e3b92685dea01
5006,81b70e12a890fb18fe927879ee08d328
5010,81cbfeb5c48c69ed06a90a3d1fc5851b
5014,81de59e927a01368971891a0abbeece9
5020,822cf80ffb2111a6cafeadbbea50ed99
5025,825cfd86a9c824c23e438c9e135b675b
5031,827ad936cfd73bc4778b8a731f731b6d
5032,828024c15051b8f1324804948337ae38
5036,8291ebbf5a075a6964288061b81f1aa3
5052,83159e5c2857ff5cc4caebf081c47816
5060,83426612b43bc6a4d3c6a3f63f3f512e
5061,834445c7bdbdd4626ff84544cb38a3a8
5064,835b1f36711353ed27c8668218b860df
5073,838a39734938777406dc34ffb4362f86
5095,840a900b5559c958145bf320eb4ef5ad
5110,848eeabb1e7d0b07b34dd574657d1173
5114,84b9d145f03f8c71c6e8c83a4252e116
5122,84de754a0a1a3dcada6913366e095998
5127,84f944645d29baf92b0fbabd08d95ef9
5138,855706d232aa238130a23348e61fd30e
5139,8557754d36a0c8efd1fdf9c2aa600980
5157,85dbf421d537900b7bd7c9c32ef26711
5162,85f0138ba42f3cb4616f0150b7153769
5179,863933525ed0219d027a7fc394878d96
5186,86546caa2e87310b08ea64c371da087d
5188,865b63f4cfd9c4f0ecdf099b561b18f9
5190,865f0aff2c8a6419591f0d065ee17cc3
5199,8694d7971c2d53529c99096a3ae59534
5205,86cb65832befbec7a86df316ea809dec
5210,86f216fc3770d22212bb2a1350eba402
5212,8707c65b30373a941d41fd53c8d62e52
5226,8769037cd35ceb9e9abbcaac69b835ac
5230,87772b95b4274c9adfbaf0f17a918551
5232,8790486283845d600b9857d8252798ac
5238,87e03738428908d190fe958efe2f71a9
5249,882560c013bdce0b5315cee2149d3456
5252,882cae707bababdefee3b4a7b370116c
5255,883a28068d0e33e1142be0e416dbe5e5
5262,885a76a28d4217a7b1ab7767640a8186
5264,886298bcb4aec377eaa355d0e2d09cb5
5267,887113fc57e87fb1c02e653e589961ee
5271,88827da967478cc817f8c447bb9e6364
5273,88958bdf883e488bac93d7da02b2698b
5293,8907197128216bbf1f52a16b8106ce7c
5295,890cc9884c5ff57693d2bdf0a4f65cc2
5297,8910bbfd69058837b3447b2cfadbada6
5308,8956fd1b3ebe7a5aff85265fb98df9e6
5309,895723c0840b9310139cffb4506a1abb
5315,896ca43fe5a03bd45aad18798a1b66d1
5320,897a578688c34adefdf6ace056c703d4
5321,897f837d046f1501205f1327c4c3c84d
5325,898a9558528fb77448c901866f559e9b
5326,898af0b6f25d22fe81008d98b2e499c8
5333,89ae212583ff1de2b393922416eb1eb5
5334,89b2eff82e7d0954e0b81de78ff53cb3
5337,89be48ffe0450c0d1056be77a9fb5f82
5338,89be6a478807a09b8bf4d024f9aeca01
5341,89c3466cc8fd799ceccca5027685498a
5346,89f36210884a6835038c3881a1196524
5351,8a03e1c5cfed044e4a2a41da80486e36
5354,8a0b2ab8b4a0ff87935301729d9cb4f7
5355,8a19f75ad9a227888e2caecf4abf2c24
5356,8a1a8718924fa5751357df66a86e99ba
5364,8a6a00d7de54aa8796d2b68ba93143b2
5376,8ab2bbd4f927dcf41ec08364180a421a
5379,8abc2fdf197a9b9ef4f15f01aeb39f74
5386,8ad4206fa85d77105ffd4096ee5719a0
5389,8afdcf097ac4fed342c8be9539ba8f5c
5391,8b09959aa7b0d971ec327e312052d162
5393,8b10abb7604ce73e1b7da4b7ee9a8c37
5400,8b705352d49841db839bb4c1ac26d294
5402,8b7f2dc7003caf2fbd3a8bfd92ecc7fa
5404,8b91e4e1fba375436c646bf4f666b80b
5407,8ba8fe71e926dc3c8c61ffcf31494acb
5415,8bcdd361bcfef951da6cb213be5a3553
5418,8be14a8b8431157b8d3beb60b2742bb0
5419,8be6a43a64c837418afa2f29d7a480fe
5423,8c0883c8bf939b035b445aa827f1df7f
5430,8c4b1d3e59641782e004986355931b12
5437,8c86229d8fe5bbef37e87be5fda8aa87
5440,8cbdb7710e89184714c8ec481f149a92
5446,8cf41c712d2f30ca5c450d46b0fec874
5454,8d3f8b43d0e11d25348599cf61f66ec9
5461,8d7544986d46a4f09749cc36fb6eb759
5464,8d8e3948d8ffdaf81a39d4e18fd968ca
5471,8ddb568d69970e4eaf8386550d6ef8c0
5475,8df10e52d5edfdf6f9f6ca8115fa8048
5481,8e2aec3b7a178d885a1f67b89b04eb3a
5483,8e349406f5cc75fd900df6b79addbcee
5484,8e4c6cb8af56f443a62168cac94483e8
5487,8e53485734ab71d95c0b80c03d5c6368
5490,8e5f92600248ee5ed694d38351db47c6
5499,8ea89869ffe86dabc1818cbb7c266cf5
5512,8eeea2e48bfc92abcb8da94bce5aff31
5515,8ef70b8dd7f27d4c11e310af358305cb
5521,8f20931eb68c5a02d524aaf96c427363
5529,8f4e326103989e156412e617c2e0dfc6
5533,8f72cf9749c584009c3a8a5d5fcc5e0f
5535,8f7f0c6d33cd0d245d4979a7642bed36
5536,8f879ed1a542eeeed5553e408213285c
5543,8fcc9e42acd05a13c724cd44efad44d3
5545,8fe870ff64e94ae0d1ad3c1a85b08165
5547,8fedc83097a9232d43990bca0ed3f91c
5554,90156c49b13305bda29b778502cf6d8b
5555,901c6fe232bd15d9af95fc34cb60a86e
5559,9041d92ad6d8ed9959944c37ab1487cf
5560,9046dea451dfb6a02623b5223338461f
5561,904f8ae59f333ff9878b38104872a084
5565,9065c9ec1b52a60a0723ded0102d8de1
5566,9067893243d3e5d65058286af3282ac9
5571,9078f62dfcb1a6ab10fac7d55f1be3c0
5575,908911b2b630e257616c9508fc383508
5577,9099d3a71db0396de4b80bb09176a16f
5583,90cb8342f40d6e86fe381fd623aa7c49
5587,90e2d83d543f0d4ebaf9548d6d6dd7f9
5596,910ce92aa51a5b47d063550185203432
5602,912b38a4fcede8ae19cd1f33633916d4
5604,9132af00cdc7669b863cc3ff9472fb1b
5609,914abb43198163b086419c653d9abd5a
5618,91a6d0e08e1bb6e7f5afd644c9abb28c
5620,91aaa9b71fd58943a45c3eea32160225
5629,91ebd54fccc42003ca1d948406d11b72
5632,92116d162f529ea7041ad1688a6f81a7
5635,9220a354c57ca3aa3648d3c52a17ec7e
5640,9241732e1de9e948c3734067c9bc3554
5645,92579456db9105d3f020164fe2c89031
5652,92807ea64b2dccc34b3acfc5915ef27d
5655,9292c69275ebf45ce4131b53a1253ef4
5657,92a14899c40b04ee9f38f1d425272754
5661,92bc63ba43b0c3cc21c3f637d1f4875d
5667,92ee013af7022b8780855b60bcb7674a
5668,92f49bebd498a287c97cc9e61ecaed34
5670,9306fd2b0fdc9caa0d34213fa4ca53e4
5675,93284b5259be050cf1300dc66cb3653f
5677,932dd27918094151323c3340c21bab53
5678,932feb6471520839a86ba175e42c190e
5687,936c6441bcfdc3c9913e34625e2adbfb
5688,937177d1990a151747b23b949e2f51c4
5692,938555b5714caa92dedfc64f63142801
5694,93a833dc6b3291f8dde91b8eef32b01d
5710,9460ea1a60699788d9043674a30f9010
5719,94af3252f764e70691ee0dcdaf9ea8e4
5728,94fdd4b8283691a215ef49ed40650e75
5730,9505e343bcbf5ea7242d1e2df99f26f9
5733,9518d60b98da30026f02fcf4789b2446
5737,953195539c7a7bdc43b97f7b7786b266
5750,956e991f9ff8b44d5c7cbc04366923ef
5751,956f6b16877f13ccf923d2e11bc5a3b6
5754,95906c534f9a42e6845275107a501d2c
5757,95981a16f06f4bfce8b37ba776ae3558
5761,95ae2d1f8c61703ac521dd4a61a531e0
5770,95ec5eedb9dc799415562328203b10c6
5773,95f9a5d42c9f9cf6fe19f96330d770bc
5778,960eb44dd1bc1a8133111ab62b5ef811
5787,9636807e7b438ca71709b719a5930cb0
5788,9636e61e86ce58b45b565c81a3071426
5789,963b6f5afd2c877652e516265495d8a6
5799,9689aae2e19a16731e8bdcaf5622b5a2
5800,96937406a5c3d08652ac6eead7ab62e2
5802,96b0dfebf557469f1773776a1bdcde09
5810,96fcb0ff18017450084f9ee78c30cc84
5811,97036b21912d0c09691b65ea5d421354
5812,97099d93ba0c1af386c795d75f67879e
5814,971c7dd1df41e55ff8643193472ca89c
5816,9728b5cf613b6f15e9d83ad83e425836
5820,9749089e5c4cce3cd132cf7008016f50
5824,976cd97929113fc723f8c760a05d2512
5825,976d937aaa4b223049c028234ae846cd
5829,9787abf2255d6a64b868d7d539f92e8a
5839,97b682450770351971e97c34d8e42bbe
5841,97d5323bf183adaa394b10e3ccc9a3fb
5842,97db3ce277c4a3bed9cbdfbac25555a4
5845,97e1543e56348108cafa72298da2b47c
5855,98143efb41a4ca4f6c96684eaea9c4bd
5856,981c69fa03ca247963af08c07b48da9e
5864,9856f4401a8721e1940bb8148ff34d9a
5867,9867939d4ca275051f3c786219b0e6d0
5870,9878ee6f0c1e2345eacc69ec54a99ec6
5871,9881cda522301fb61a97582808f776e7
5876,989aa4fd9757c8192f293fe2957b85d3
5878,98a87e090747ad7842f0079c6db28203
5879,98aa6a9f3538f92ae440395aa1d982cd
5880,98b91be81b8ac59cc1e59a7a48477dc8
5896,990603f2da45af18d6932225e3b5d95e
5903,992bfc18757efde62cf7449eaf6b8ca2
5909,995f7a1362f32604452dfc4b1fd392eb
5915,9978c591e723a125c51aed5057cc282b
5920,99946659effe65cec455a9c8d5f4412c
5921,999abe69f6bcd75901d0264c7a71a6e6
5937,9a1da55546c1f923faaf0f938ea30c73
5941,9a2a5e82df8ac28423a1122eb2092e07
5959,9a7860db5e1b5e48b2f8e317678d98f6
5964,9a987ab7796169d238b5e4079bafa3c3
5967,9ab290443da80dfc4754322736c93eca
5972,9abd3d9b983e99aa1fd94837498b0bea
5973,9ac0bfee35275ae7e29382ec7712a2a8
5981,9af2d73b62ab09ce919edfd4e782e07b
5987,9b3e1a546093bbe3e16d62f9813f0b3f
5997,9b9ae75a5d41fcb0d2551de212fe65b4
6006,9bc64177060c158f4b3b08822a309572
6012,9c065ff70b6d12c77a039b35d076079e
6017,9c2175170048a06247523e0f58bed480
6022,9c5b35936cb6fb49e0b3cdba5ac71320
6033,9c819ca43dccb1515cefc1bfab6cafb4
6036,9c9cac44df7a9e7026b412d6a3a9588c
6049,9cfbbb88651b84560928e98b9896200b
6051,9d104fc98160d81a06e601c92a52f2b5
6053,9d16f691fbe84270dd3bc2e35b7b8a18
6058,9d49769ff877aa64aec34377d77cf2bb
6072,9dbb9fee5ffb10372463ea1d9122622a
6074,9dca031ee3955d3e6242b1f338a2c6dc
6077,9ddcc39e84985d829511f6164b164daf
6078,9deababda70a56079b6ffcade73c927c
6080,9df2882ab8a933449827ab8f776ffb63
6081,9df612faf82a946478bdd2218c97f09d
6082,9dfd3731e92422e01a4acd5af2683cdd
6089,9e35a95b1d0878ea488720c289fc815b
6093,9e3faf5d962b9090a34c8ccba2865d2d
6094,9e43ad5617e6f6a8149410a94c726ef8
6096,9e57937aa1e4976feac333826acf7541
6112,9ed8b4490f3db990ccf32d990a9fd0df
6117,9ef7f4f4cbcf78adcaee1bc15993b526
6124,9f27f12a28766c185c33ae4cc34ecf40
6125,9f2b53119b7da3669cc3ebf609379eba
6127,9f3a34a7e52b435494d523a8d9fb5663
6130,9f4be0db1ad959c185180c3fd685ad38
6131,9f4ce52734c95c5ebb8bb1a09048b142
6135,9f68521ef2251fd8b28e7a2ac35b5fb6
6137,9f72f1abb81176fddefe9ad0ff1893d2
6139,9f84dff1adfe8496a7596a49602757d8
6142,9f8c2946e3e1aa0b956afe37d8028f83
6151,9fc5acd95d8fa78ad08233e8a542d19c
6155,9fe2b7f1f0992000efadbcbba2a906b8
6158,9ffe5d66ceaa119dfb875f53f9317539
6159,9fff57c63f29af628a9873f30bc7c1a4
6160,a0071af7f74109ef144547937388e04b
6169,a04208791ce1a91526ca005e134734f9
6180,a09bf046b6a499bb0fabf4da8ca28852
6183,a0ada0915b4e9f2c1b391cbf6d937c5b
6186,a0f90a4a232fb465d63a7101daa1345f
6190,a121d83b40aa9d99b5067a07bbc7cc28
6199,a17276fa1c35cbb4ea3a84c0e3d13ba3
6207,a1ab4d860cce06c730258dd70e342950
6219,a20d25244be4e04aeaf715ac9f1bf51e
6222,a21a41d64295749c0c6c0c47bd274674
6225,a2302b6e4778f8f15a3fc890d051acbe
6228,a249bf1b025ccb555fcab4321362978a
6231,a25b692d41f8e8c4f4a872d777700a14
6238,a283b9a2f00cfa8479ec848e64e06df9
6244,a2b6368b5048dffad8574baa02b6a78b
6260,a313afea25a5d5b5c705258957bb58d0
6261,a313c1ac520684eff363b095ceb4de80
6270,a34b575a3b4bc6df8828b84792c1437b
6276,a3adfdb55365829d264af639739534d4
6279,a3b82fab35ac7d8c87c6fb23b16f9ad5
6282,a3d641ca299f1eda3bfe13dbfa59530e
6285,a3e1b64f2ba12da1d03c54c3addc4139
6287,a3eca3f5b888c5485a17df606c21a7df
6288,a3fd352076a36ea39af8c904eb726625
6290,a405be8ceb6b952fc37169223b076da3
6294,a42f330a3874fc894212a1face91b917
6300,a48594c6269b309458a13fd3fa6a2f73
6302,a49661f19f60667c78cebb76338ec6f8
6305,a4b3bb5efc404a908ef9867eaa60dcfd
6313,a4e808e03ab35db459ec0915a91088d4
6327,a5385ea84c9922ee52377798ab7f6cee
6332,a54cef81b710879212ca985ee566c71a
6334,a562450d149c89424e6bfba18f5a9d7d
6342,a59dab316d831bfb904b16bbca6229d5
6346,a5cdee33d5524573e2cc833d4b3b1b5c
6349,a5f4d95347ef13fa7d3538fd76374de7
6364,a649d250015bee6086799cf239e6b1ac
6370,a6724d30764c66f31a7e1895ea10a8cc
6371,a673cdc95cdf560d9d2b8b03689d105e
6374,a67e157656b7b283578fcd861bfa8a50
6376,a682f0bb84a1287a37f18d4ddbd0b58e
6377,a6915db67aec872c3d8e6ea994d99eda
6389,a6defc5e089d6c4eda206f368648d85a
6393,a6fe1e43e95b77609f56c38f31ca534b
6405,a7586a8d609502fc60f8b12173183ccc
6411,a7710c7c72100687a972437f65cf5bd5
6414,a789231da78d3fba7e7f72dd9c214708
6415,a7896676268da01ccc8739e0dce50f95
6419,a7998fdf40cff3d8f03178bd336fa881
6420,a79def4512a353602e23bddf7200e5fa
6422,a7b1a8dd451255af4ac72f601094ffa1
6425,a7ced90f6b058820909c4c4b2ff3f3d2
6428,a7d7d0cc67ea5344a48b462930f80465
6438,a815775805d2e41a4bc544c0018ba029
6442,a822bf363ee1ae044718a11df37e5e10
6446,a848cc65c04a5859c8604c53c970a563
6448,a857690248d1b035214edecb81b16ab3
6451,a8668c30194885a1d6e343f260bed8bf
6455,a86cd43d4f15e59333a9cd76578dd1b0
6462,a87e628c12c40b92201f3ee8f156093b
6465,a893891247657110dd611d3c303bf3a6
6471,a8cb9ea3e100fb02053f4157626ca65a
6482,a8f74f4e949bad153765aa3f07753fce
6489,a93df2fe932176160f5a0fa189c77115
6491,a94b2b4a1259d6cd67351edb8bf427bd
6496,a9632cb991a666c14f4987152ab569fb
6501,a982d0872481d7eaed30278ac94d5fa5
6506,a99e3aca52e4d2e5dd6de21f96526471
6509,a9b4326c98e08746d41545d4b548bf89
6514,a9c49024ee6442be1b1d23a2e32b5e4d
6516,a9d085f7995ad93a0b91e3c5ac6eacd3
6517,a9d4fb746234c8255eed2b0df3ace90c
6521,a9e27cb7f4c95c2a3708ca78320f5a8b
6529,aa13512b4d77161c4c3f55243e263bf1
6532,aa24436b1a95a96052b9ea3f415c82d0
6541,aa4c9e706f5c1b210dc0c4ad79804cbb
6554,aabf3b8d3f65e5b43e6083e37c17ce4e
6556,aacdfab27dbfd07bd4e839a52cc1d2de
6561,aadfa329d071a7007a1fcb75c089817a
6573,ab5846b5ec14a07cb18033e296348175
6580,ab7dfe607e6c225ca82998f59dbe4c0d
6589,abbcbbdf3b2f9214239990fb9d3738a8
6593,abdf0c994c7f593c1bc578d9e000282c
6596,abf30c20317f211026e240f0fb14fcdd
6597,abf8f5f6a89a13e59dc44577bad2e20c
6618,ac54da44bcb7f923f1c13bdfcab99f04
6619,ac6537d4d14f64cfba4082f2a8a6760f
6625,ac7b36abc329c4b91100986d3f6e3f1c
6627,ac82996b5dd31d53a4e00557cc4f46e5
6629,ac96c36d2ee772672624bce10b28fe12
6636,acd9ece63207b1d80ee7acd1a05e07ed
6638,ace01ee43fda36bd62efc12035e693f6
6648,ad388ecdf01fff4119ab9ea2dd7a135b
6650,ad46951f598d0df92e03fef677a7ca9e
6653,ad686df71ba466315393ce5f94c50bce
6656,ad79ca3d67417a6fd7cbdde2262103da
6658,ad9183b50c50e2f7afc50c370dc2d923
6660,ada34a32653ece708c4898d4957d213f
6663,adb4504e30ef8fffcb53e477d4b83eb5
6672,adec0ca7a4d934151e9680fc983fe423
6675,adf92266b20fc7e2cd4e87de515b26ba
6677,ae0045363e23b327bf57c9f8c5cf1482
6682,ae3537c9ad4c7fecf36460ef43f994e9
6685,ae4717fe25e17bfd19285fab56c1e1e9
6690,ae650f9a44d4f9093e9e7740375413fe
6697,ae92fdd06463cd3f50a4cd8494b72462
6699,ae97a384f2509536167e545099692836
6700,aeaa2fccb02d747b2742d31c8f5350e2
6706,aec6a5870baf6dc7d35b9fdf74c464b1
6707,aed15428e16e7c18185a8d6785685212
6712,aee94849e0de4c3f1b5fff9be737ff4e
6713,aeea8a1325f9d3bdc567b85dd68d5550
6724,af2928b602c3172ea29a71aa370d5252
6725,af29dc92dcc1688d5a28c85f548d900b
6732,af536a5a129f10db850bc6584e159566
6742,af8f8b641769c6d7ce14dc25dfcda74f
6749,afb7e6ba86f09914e8a2b4ac557cea62
6751,afc6e2c17a269787872eea86f27bfa5e
6754,afd97d29f25bb2513c1bb23af8fad955
6755,afdb7070979d971bd2fe4c3e257b0f7c
6763,b00e1c19da1bc183e5fd9a2658a0c7b0
6772,b0468088001ef4233fa889dd9318a011
6778,b05ec34aaf695a3f96cf37fb497f493b
6783,b08020d035fba88a931a5cc4ad72a5d8
6800,b0e6f89a0dd43f21be32748d93985e16
6801,b0e70ab2f6b79b577b9ca2a1daeee858
6802,b0eae7feaa3712b7aa3a219767a39a97
6816,b146f146561024b16c5f2894b860bb59
6830,b18a8fc0efe71d1bb2a6230c4c3b427a
6832,b1a7bd909babd54d1a42fdec8a0e970b
6835,b1bcd11feaaa6b8d8aa313bebcfe16ab
6840,b1d9669e61f3dfc1d58621a4ddb5e3f1
6844,b1f754ef6584f52f4537839e613a231e
6845,b1f7c3a042225b24c7cf59559d2978af
6847,b20303810d596bee1e7e6fd8e5addc6b
6849,b22cff5e19a57e57bcea84445cb2e48e
6851,b23f9fb5a7635172f311384ca9c45f90
6855,b26e0e8dc67ce531f6e57515d60c909d
6858,b280bbce5d4ba2dd82cbbe74b6a224e3
6859,b28cb91a0f2b8738df6ee86b4ac208d2
6860,b2964e2a9cd65e4970659c245a279c60
6863,b29b3bb14f2f16bc8ead6f95f82881da
6870,b2b7b59f6c8aa9d3d8621516d5cd85da
6878,b2de6084cfd74592d39f1bc0cfe1e32b
6881,b2e49a9ad1417eda472cec6b6c527302
6885,b2f3d4c822c35d396a70447d8d47f6ce
6886,b2f40e07410a143c1827f12f9a728d88
6895,b347e56b43027fc2de434dddc20a4046
6907,b3a8891aefed68c39d8cfb7fdd603c8a
6910,b3b4957bea16007ba6a5348b229eec5f
6912,b3c16ad38cd34435bc85052bd213b717
6919,b3ea1565309286695f613022b64ba080
6933,b45184738e18d46427b2494108c90f34
6936,b464657ab0f6908e5143a748e1c56f1f
6941,b48485f0d09ad398bf21663f085d5cb3
6947,b4c235185a8b845d59ff10b739e4e4e0
6948,b4d289e31a40cecef191692f74cab131
6950,b4e2a5cf88e5c6a4f7f7f6e277c18296
6953,b4efdae77d363dcc8e4b1c4ddc610c5a
6958,b50dbd03e292e7d7d8e160e671d7e6a9
6961,b526bc863d8900a1bcb614b37ece5c97
6973,b570ee0acccd5cab943992e0e48cf212
6976,b583dbfe3ba35ab8f92a32a8c555c7bc
6985,b5bb13932f0c630ad98829acb61c111d
6989,b5f39200b9678f2074568aeeb9543dc6
6993,b60fb8ed8c43b356deb513c0eccd7962
6994,b6137133ef86b0e95d24d18f38f854b2
6995,b61512758b1316f0505d21a6a3129736
7003,b64378ddf92c8e1eb1f8ebce610251f0
7004,b64488e1afd077a3fef0a0ef5a538a50
7010,b65e680f17acdd74fd1f207f0347257f
7016,b67638d412a4dd5988cba9fee9c8d4ef
7021,b696e5e10e6c1afab70b79bf052413d0
7022,b6ae983e8200e7d3c1b702f10508ac73
7031,b6f7bb6498d2f449679b585e2450a5a7
7042,b738c09d0175fb706261f28614d747a4
7051,b78a0cd3665c16ef6cb2be5a940b844d
7055,b7a5325ba0843f0102543cb2e3a3c37e
7059,b7ba7e8b9aa1d37de9d795412b79168c
7067,b7df50f110e2503aa2c1ba99ff717721
7068,b7e3e9dcca1996ce0c37763ea1835104
7077,b8164a1eea1a9e4b69c707073357405b
7084,b834e5efa7a42b97323be06e32efab16
7085,b8424f49fcdf2d45b80df725b7e12ee8
7094,b87d74ec13056b40bd0677d368134050
7097,b8929368419d5da551c095a20b66985e
7098,b89560fb26392de4c272a7e38bad28ba
7099,b897d03369d6fe0814cbbad48993ad69
7102,b8ae21515411a0dc96bb1fa583cf42d5
7105,b8ccacf0cb93333047101cd8fd371bfa
7106,b8d171a9114640684b7f16ed6adb34f6
7111,b8fadf8fa2b00ba324095b9eb994061b
7126,b95eaecef95afe37df673414134bb564
7127,b95fff5cc26b967aec9c2814c4f3d1a9
7130,b969a6bd9e6109868bf2f2abcca772f3
7135,b997e4ba4193a443824a8dfbb9e4bab6
7137,b9999d8cf7dbfd00a92a7d4d266c3736
7141,b9abff45dc08172b556cb10b7c3c2252
7154,b9ee03c886af9c3e9e7231da1c98f3ef
7167,ba40105623ad37e716dbda8897d041d5
7171,ba4c9867567e1ac41f175f0c3258879d
7172,ba5887b72aa83c1d4dd517f8d2b396a2
7175,ba62601676afbdf1e6a464966ef6c7eb
7182,ba97a76f9d73a3d6dd4d704413dca0c7
7184,baaa80cfb9c5f49e564598b71cff88ee
7188,bac1a104dfc1011b813a5db0591c160a
7191,bad452e6e477374019c5b6600128b3cb
7200,bb20ae2ff7dc2c545f36c7d8a8f5f286
7202,bb45686872b67a77ab8e1acc21e201e0
7226,bc2057d1d637de902b0294b64d7da6a3
7232,bc5cc98d84ce18c8322d89caa4d61736
7238,bc872a513a33ba74aa259700cdb7f8c7
7239,bc8d86761456fc9cb1ddb6ef864622f3
7247,bca9f433b511c0841d774ad59bfda875
7249,bcb36896276a248fdc640d45b811e5ac
7258,bcf25869a17df7b9551c1c39c927f7a7
7259,bd009ff1231b60e164dc023d5d0b5486
7262,bd15d60ef8fa13679f844e1b90615042
7268,bd3e4a2474940161101c2ac3ec86f19f
7275,bd6c9f91b53b19b3bb63fd010cf43780
7276,bd72e539a1250ff0f668e0488c6e308c
7284,bda8431eeb5461d5632ff8dd732a990a
7289,bdc7b9f6c59a93d16f1286f88a1b877a
7296,bdfcd59c20c4bbd37ae1162ee1cdf647
7303,be34efa8a814bfadf10e48c83493cc6a
7306,be3c4c81bc041b84b73fdedb330bc37a
7308,be52acc6b9fd8bdd46049fe03467d2fe
7309,be591f4e0c9565ccb25baa488a658dc9
7310,be5ee2bb2b553cc5ef35b5fb6eeb8771
7316,be766a43037b5b3ffdd6496503055aca
7318,be7ed7e43dfe84b14def9c959b5191f8
7326,beb72c63fc83275112e5964ede72d43e
7328,bebe96bf2eb2fdfa5184f1024d661787
7331,bec7123c520bcc7fbeb00fb058d03dc1
7333,bed545a99ee57e17134e6f2ab35b5413
7338,beeca4f4ae7b020427af48033ef47c54
7339,bf01aa58fa1bfc7d1e31c8d7c9c6214b
7352,bf4509ce6b2ddf841c56d5c23963082b
7360,bf82e1ab994688e9fb4ba78b9f588634
7367,bfc96df69d6d02f2c2eaad43fb29c816
7376,c00b60f7615071be53351bb30b56f5ab
7377,c00c1f9c0593be92d43b5b52d4814a34
7381,c019d418e32bb4e76fd652aa7a0433d3
7383,c034aa8f30845b2a728f44237532a169
7385,c03d8f429055f5f086ec7d30e7060c19
7394,c061e22505c11fe8e60f0d8330802587
7401,c0926431f140d3004e6a21028b790371
7405,c0acc561b27dad0c0acf6ddcb0e53160
7406,c0ad5199d696fd387caada27a3d67742
7411,c0e12917109f655a7968a023443c5cc0
7431,c158e414ab14a8d3c8447bc3dc6af98f
7437,c16ae7446241dd9edef6938adca580b8
7443,c1a367e32d0b6bfe5ad182988a07b924
7447,c1cc418a3eef39312b0f205b5ccd30b7
7451,c1f6aa828786d365d59158100d5436f5
7452,c20829fa0ffdd1bf61f7f50712fe8f9c
7462,c2474821ad40379caa44acf49f44b6dd
7463,c24f00090af9949274cc7a4f943d414b
7467,c26448d960d6582690b93f4019f1d03f
7471,c2824849d97bb0363265937982d4cfe1
7476,c2bba251f9b9b53edbdcccc8edc2ac46
7477,c2c5621887c7b950a65d29a832b283fa
7483,c2fadb4b1698f4908c483dc41377f94a
7488,c32b867c000438444d3e8d0f9c03016c
7496,c35a760bf81625d0a3c6084b76f4d995
7499,c35f7fd8bde917a5b1731bd460ca6518
7500,c365a334e865fec483fca4de80e58d91
7504,c37b4fc3f35bc760f085606fb5498a04
7506,c396e9359e9d666630649fce1ff03541
7507,c39731cf1a70b37bb5e5544e199918c1
7511,c3b94f6e19aec0ce13c044810df943e3
7512,c3be1b42ae15540208a477b63b970391
7520,c3e3e6b49cb634220e85d3dc5043f5e3
7521,c3f2bbb80514df4026e41a2cf74e79ba
7523,c40728582c4631b4eaa6aa36337da44b
7524,c40880356867f1d1239d7fd8b3e452c2
7525,c41125de3b69a4f9894cd5ca7510773a
7530,c440193b8ae715eed390ffdf13f6aa5f
7532,c444e99e13a4ad6af602e46ced80a297
7535,c44d15042690d7d29f6186a1072ffc45
7543,c486f6752601d685e67fd46eb6e4eb9d
7545,c4a8f36920bd42a2e7b135deb0c3806e
7554,c4dd91892cf455283e6497c759101e26
7555,c4de92a99278e7e8f0a6bacefda901b9
7558,c4ea840a745e9b79f288bab97c64778f
7576,c5977eedd29ab94a1e202d4a7a954d95
7577,c598b89d72ad2008d8f47bf311fbdd50
7579,c5a7dfb4cae3ef79fcebad4e5b303473
7580,c5a9582467ed5c3684d743566b06200f
7581,c5aa8531d2a3981b297e1eeb5d68b97f
7582,c5ac3ef69cafd59deb51de77f800c160
7585,c5b1641cebc2292c5335cb65e542441c
7595,c622bedae27d74601a06a7afcdb97ad6
7604,c64a8166d7ddba157303f90b04d52604
7606,c664458fa0173621b9dba05e0107f3cb
7608,c6699850230f83d1f118dc2282137275
7609,c67d693e45035b415ade66d3360cc566
7631,c6fbe482f2c5b2f680e93c5927c79f28
7633,c7017a7916d7a7cd553b948f765c09a1
7634,c70f7243fcb26efa5a13688864659fe3
7639,c780fc1aa624bb1c7c2bf4e0d997e9e9
7641,c78280321873dfc3c9835578903f06c5
7648,c7bd17cd35f40a816db813ff49abf47d
7652,c7cc1e5cc131d5d83704058971afe4bc
7654,c7d073aa8e90c0e51df2336f615bd89d
7658,c7dd7b934e438f4d04e348375ade961e
7663,c7fa0b3487c0b391ebcbebaedd6f1107
7664,c7fcdee7fa6eb000ff3958ec9d9228d0
7666,c80b77878d0cfc93a4c39f3d3dcff4b7
7667,c80d35a511f457b5a6cb16538e82fd78
7669,c81886b3a5ef2245f3846da7e0b5a415
7676,c8578cfb8b8fc6e4caad88d532467bf1
7681,c880800e08551c9c70a65a9a3431d9b0
7684,c887db711040e86d29104c75cd27e200
7686,c88e5ee2f1a2de675e29b87b43aff624
7690,c89e66d5037597b42d3d652f52ca93bf
7703,c8e2497c90a713a6a00e487be548c677
7708,c904539edf6d6bbfd3cb50c16bc07813
7709,c9075f9e0613937ca693c2cf18c89d58
7711,c90ca4a75e1e05f1d906383ffdb0c1a8
7724,c97fe1ca7c93fb3d70281df4c507a28f
7725,c9879c4e1636baa39db5532a126ac4bc
7726,c987e954095a3fdff16839f2588f46ad
7728,c9950b2d01bbc81826f5c46223d9b4ca
7729,c9a0ee7300391290b67527b5151769b1
7735,c9b7b8efda4e3d834abe9e4f4ea3c1d8
7737,c9be032408d54841e8de7c9854dabbb8
7743,c9e3764d6924afdb79181fc9babca2b6
7744,c9e652ae1ae986efead443b31bb50072
7748,c9f31a3a35e5c9374025c1c8c3bf5e73
7749,c9ffa248c944d525d85b48d14423bf16
7752,ca0c529eaefd03c32a7025cd76e0d47f
7757,ca2124377e0880247cc3809cbc33caad
7759,ca26dc7da9a48203dbce8bf6151423e4
7762,ca2c7b9162b140483adee26402d7dc3d
7774,ca82ef1ddc15fd63fa7dccc546ea4035
7777,ca89c7f79a59ca282bcec2a47acac454
7778,ca8b1a293a34d654e9bcaaee66ec0830
7782,ca9ebbd27c5a4f4e63d77fd2f12ef8e7
7783,cab23fb514d288b46f48cf4e45f9341d
7785,cab903da39c5e4cd59bb36db9ef95822
7794,caf8533c4387cd2a0e50c64e2d3d10b0
7795,cb012fe8cd505705ad2fac90beda3292
7797,cb1c6d422d64f800dbc4c1be6587dfdc
7808,cb6f427ea7d51f8ee6f202062053ec94
7812,cb895cf49d137b672732711227559cbf
7821,cbcf3075e6275adb898ff8288dc4ed7f
7824,cbe117d2b585b369978362eb39a5c19d
7826,cbe83fce9908ee3f584b68734e2bbb1a
7830,cc1d8a600b5dba5698379f619ba9f951
7835,cc28ddc6ecdcae43f7a3a6b66ee6857c
7847,cc6fa39642010f132fdc82d543848983
7849,cc959d282b01b3ef09f3f26c0c23558b
7860,ccc49e29403fa931d4017108b81668d5
7864,cce1aabca005383580dc5f770efc8aa2
7866,ccf6071f5e23e04d0cc6afc47f082e97
7867,ccf8f71fab32fe6b2d2615b35aff6191
7871,cd02d4bef02d4e62e7d8e8dc62431b86
7874,cd238798d654d04437f63f0119de3e9d
7876,cd2bc64a160d753a13e6df293ff01471
7887,cd775944bb627d7b336b5ad9fc35042a
7891,cd98537afbc2e3c3c20e89b449acf96e
7893,cda65223098fbfd3bb236985d009de26
7894,cdaed267beec9de0175ddb751feda5a2
7898,cdc7c4206390b583617ff1434a23689d
7899,cdc9c7ff5c7da1ea1b35fae6ae248f91
7903,cde68e370ea3f4b672bedef59f5ac96f
7905,ce0a465645ac9c80e75e727e4e7f96ff
7914,ce37e174bbc61c864b307ddd64bc6582
7918,ce3d5e52aa5141b87674920f86471a76
7919,ce4156d932a1009ca55a8227d5d80d13
7931,cea7dcb0a23a22c8b71ea37d06dd6ef0
7932,cead1808d4ea0a56c6f9b97f0f26db1e
7942,cee9bdd0b7bfd0f3292625a275291554
7944,cefac8b9576380bd0ec19d2e502047fd
7959,cf48a97c12a12d4db44f494f71ac28e1
7973,cfa45bb1d5dc1bff25627360716b0ea9
7974,cfae1aeacd636fc92f52dd8658c95083
7985,cfe3d3387fae652ebd7c0860eb21c9bc
7987,d002126d2c7913ca24e95f5e3cc406d0
7990,d00d06412eaa819f80e39321139dd08e
7995,d016dc75685e511ad6a7221d24173cba
7996,d01a5808cbf9b3daa0646eb92ebb9bb0
7997,d01d141492bb522e3d04e97a98a264be
8003,d04fbb9fc6dbf244f2c8546a3a1a13fe
8021,d09000fb97ad7fbc48c9015ad5b56659
8022,d0942be31ba5599bebed9f1244ea16eb
8036,d0dfd2e9094ae7b3b4ae8721c4b35762
8038,d0eed120ac308d6a266fec5cc7dda13b
8040,d0f9e778d6d33b8fb296655f2ac61c3f
8041,d0fb34869fdd8c236a99da69d5607acd
8042,d0fbe9451b3ebaa0276537f900a00c52
8058,d1602c7a404377bd4553f87e0a2e2265
8059,d16229e6e8159e6aa75a2b96cf7434cc
8061,d17d55fae3b5bc9731448d8b6a82f4db
8072,d1b16984c0751cd9af86f724f5929f45
8078,d1e96a98511ec4254b5ab4c9dd26f455
8079,d1ed5625c2deb5eb1b49f0bae0196c79
8085,d20c7e449b5166c234e974cf913495bd
8090,d22057776bc36a21f6677ab42d8b468c
8092,d22125045e6202d3e04129bc539f1706
8095,d23eca3a6e8f0372f43bd2d227092aa9
8096,d2436f4d21d7b13a11af4ecbef0c725e
8100,d24fcd4a956a4e429a7afc2eeccd8e78
8101,d25076c47069c076974fa6514c1d8d15
8104,d26159cae7c412cc5f21dabb547d82cc
8146,d37e68a6ec6d668b23bb0a1930142645
8148,d382deaa39b283037acf5e7f406a997e
8151,d3a1aac446bb2e4ea96b9d1aa1c0bbda
8169,d3f712b657a512bcf4854ef79fc179c2
8178,d4212e705dcde482e79086a597acc820
8180,d42b9f1775de3087c613c43b15175b24
8190,d484bb60dfd6b9a278dfc869de36c3fa
8201,d4d516087641f3a27134dc1a7fe7fe97
8213,d5301896babff47791372dad97088e3a
8229,d576fd9945b87839bb1678ef0e09e42d
8232,d5852a3017fdbb096e85017fd6c77c2b
8233,d5852d65ceb11d3c0cd61c20fcacb91d
8236,d597aacbd4864524800387e44adaf32d
8241,d5c2131fae9b0cf431ab05216e911616
8245,d5c38f1e19758adbca8e9f061a0378a6
8247,d5e38bf8c2a4ee6dbea818fa17ba1782
8260,d62672c00b132eee6feaeec059c9802f
8262,d63386b3014fa848e87a9ad162026e15
8268,d655ce9a12c6d9cda84ac716d6bbcb92
8269,d658c928831db3b4c007dbcf8aea659f
8271,d65cd1d09be0b32340498775a0469654
8272,d65e7486bc97c2dd608e39f5ff5bc498
8273,d675b819e889cb88b03c9c45d13a361a
8276,d686d37100b2e34eff6e46383a85cc1c
8280,d696154e82746b3a06b06cad549ee874
8289,d6ca4e66d15716bdda80fbc58e73a5d3
8290,d6cf949b76af13cfb7f8d5ea47581e0e
8295,d70a2e65fdc3cd9b008fb622d49e8f2f
8297,d71b1461672c276cbb911aadcaf10ab5
8300,d72941b4ed637946b73d266c9f520d65
8310,d75d5cdd21fb0ed278368348f5280a83
8312,d764b242dfc0c38de86f9f70d3ba4885
8316,d7743505a53c4fe11acc9c1d7b0364db
8318,d775b3ec76b4a98ba850648eaa3d82e8
8320,d781b5503096fc332a81c6298c21cf26
8323,d7927d9e81a9f9b14701cecebdeae2b1
8327,d7cde842000e5fbaaf52b14b11ab649c
8330,d7d7432777142a785256deb33e8d2ccb
8334,d7ead140aeaa35c30de1933607aab5d6
8337,d806c9590fe66773053846fd0439d1a5
8338,d8092cb2f0f16a1b079bc2674afddae8
8349,d8480b7060e2c3dbbfe533d0ab8ade12
8353,d870b250dc77a408a73de0c444759add
8354,d87b37674fcc6b5d2403ae2a208f1e6b
8362,d88d45a425196d22961a94063807f2da
8373,d8af82c838b383e3a4b3721a73bddb97
8374,d8b68803abb3dc9343e89a160ce35e1e
8375,d8b8889a4d710b778dd339fb953cf263
8378,d8c3981520cdd3a600c956530a391534
8379,d8c455b6c916a85295aaa71fc18ca125
8384,d8ef4149583d2fed207905cceee61f28
8395,d944bdf6a4e6d2161000a0084a92dc01
8396,d95173c30dbbda6741faeef2f588e2a4
8406,d98cd730d4d04e7333db0ba227ef8155
8416,d9c1eb19584150d3c6b1c6c3d1f623c9
8419,d9d5a0e42f2fa9c07ad4e9381516711b
8421,d9da76bf9f3a8eb6974b1106776d4b1f
8426,da16d580422a83a11726f588bda9a961
8430,da260a674304549f89f1670620c7ea51
8431,da2769cdd4405ac2116f7a6621744595
8432,da37dea33080901371f0c0c789f11bab
8440,da595730f521b32c6e3443693bb6927b
8448,da7f40cd86f38e3bce2393fd07101ea1
8451,da880f2353e8f23bd4792d8ca1f6f66f
8452,da89d0aea1d8428e9e933438b1013fc1
8453,da916c1fb2173eca85642a9aae3c8480
8456,da9ce6b813461bf6eec1a662a51b5593
8457,daa16ad7ee98fb065019a3bf6133bacd
8458,daa88dcef1d519010abc3c0d743a561f
8470,daec7ebcf750b9413e57b10f1174bf4b
8483,db25a4299619bdd12424d21b5f58b267
8485,db32330f2d4c096673fbe611e4bfd9b2
8488,db42c8cdc2942b3d1e98f9a25a2ca258
8489,db4686286ff9c6ffd420739294236ad8
8496,db61529f66afe26d19d87e1348987ca0
8497,db69c8c199aef475a1dd20ee40201854
8506,dba32e317f319c33596b5cfaa2a0aac2
8511,dbc427beb67ddcd16253519cb6a5c2cb
8515,dbd10fe703149aee51a8f325b8ecb9c2
8517,dbdfcbc92e82f3f2486685c063d6682d
8518,dbec743a6d2269a5e0707689c82b98a4
8519,dbf5648e729baea01c31197089dbb4f2
8526,dc31036769ea80f9cf7bdda8831853fd
8533,dc480771333a774bab0a7c3c72931eec
8537,dc58edfd3350a826391f35fd00b68e80
8542,dc77a3f07e48d5b48fed990d7aea4459
8545,dc8eec9b3ffcb2b6dbbe7532f8c5b480
8550,dca0767d45075d9ac437efda3230e41d
8553,dca76ca9ccea2328b72cc7795f2dbfb2
8561,dcefa5a77c165f29a8f884508ddd78ca
8565,dd0bdddb15b734e360a6edcb735dfe17
8569,dd1e6510ab438243bc1edbfa9af6733c
8574,dd3e08f963ce186450ba3fb3c0243516
8575,dd40847c47d9f7f086fda8e7813f8c86
8578,dd5172dc28c16f30838422fccdf1f85a
8581,dd6077ec49737e6ada2969241d4278ab
8583,dd6741d98ce29b2e8b8a8477544097a4
8600,ddc0b39c24f838d0d9348d63fe463d2f
8611,de04c0a48fe14c8c0fdc9e9b094476c2
8613,de266d724b7d2d95d5cea462dd5a0ab2
8614,de2e75b1e3ac2f5f40670a20328cf983
8618,de37f76c5efc34ebb22e9d6aa0ba02cb
8621,de4f59702aa59119508552f02a3fdb83
8624,de61cb4497cdd0fe3331503863c3cebd
8627,de8c38ed87152a4ce7eb807d2da5af24
8629,dea126a32d94a8b4402ec3177f9772e6
8639,dec63f5ac1220f232dd478775b064e41
8641,deced5577ae6df9f762d992341ec7055
8648,df073b9d87ffa4de717762c607af38dd
8649,df0a4f35ed047d4d7216a41d02a20ff9
8654,df1c251ea06c87a6323ef4e431f52dfa
8655,df2d58f8c33ad3ddb33f1c238e3b1b29
8663,df4b2392c8c54e307f7be16bfba6640f
8664,df523c32bf01defea807a622f5defa96
8669,df822a85b4926beca9c7c1a352b3887a
8670,dfaf0cf3842388794472b0ce2aa12fda
8674,dfec3a988ba9b8b9c31950611380b0bd
8675,dff1cc5c395998177f5ab36157c172da
8690,e03a2f4939a16e983862b64c957cb1fc
8701,e0852bf6b2e92fe0881e98f5b4067be0
8706,e0b105db19d33dc494ee3a7fce66f80d
8711,e0fc7b3a7106f998e26712f6a7f16822
8714,e10c7a0be94b6ca836e74ffb9cca7c79
8715,e10e5ea6e8e101f178fe431525bd74dc
8716,e11055b50fc493a0dcb49d2427da38e7
8717,e11ce92ac72659fc934125184ea176c2
8719,e12c50fe93ce341c2756400832e7e020
8727,e177e5528e9060012a997cbba2021767
8729,e18562955f0899232dcf9f42be75fb15
8734,e1b06321c6744d3c3188f0eb54331956
8735,e1b4f6ef5cab791bd52c96d96d3e0f33
8739,e1c993fc1378b24bfbc9fb7ff211854f
8742,e1d19080d94fa54d28d40c1d36d1419a
8746,e1e1dd0d90266e1d46c6dbabebb7de6a
8747,e1f45f8485e394d2d3ca5cc362943aaa
8762,e26c678b00e813c3df6cddb8a72d4429
8767,e288b4233d1d47a5d0e5e47b319daa89
8777,e2db3a9a39be9703d036b5e8639bfd16
8782,e2ed49c65f76ea9ae689d240b3aba986
8786,e30ec7f49d07dee3dfe4352349b24e53
8789,e3251d5eeeb6f751767657e7b64ce726
8802,e352aae69a8108cbba6e07bc15ae2efc
8803,e3550b808c11077ab2a25711a6caade8
8804,e35e3233585bbf2b15fb338cb18ffc24
8805,e36379fff6089d32bbe3cdab92541c2d
8815,e39f31c34c7edc7466adacb616a9e7bf
8818,e3b1144990c46035b012ae9cda1f0192
8820,e3ba9508562d88a269124efd55df97db
8821,e3c2a25fea2f798e40345a23a8480bda
8828,e3eb05fc029000311f58e84b9801f959
8840,e428c6dd692be38368df0faec6668efa
8841,e42a8a7f8ef4cf3af69e5744c7ba93e9
8845,e439c070d1b9509bd394a54e6926107b
8847,e448dac3ef9f720697a92e208ab10a18
8848,e44ebecb8672c9223fd3b4a82d64b3d8
8849,e4503ea3143b3647c3d351090d4c1062
8854,e45c389b66f3e274e629420721ea231e
8859,e4757198ce493f005a6dac74d72171eb
8863,e48c63ada5ed9440086b7717f8b1c181
8864,e48ced30634abd83577057a68bfbb84b
8868,e496a3c73f924ad33799007eded50419
8877,e4c9c92f726396b5f41c40d8f88a390a
8881,e4dd497b7c7840c332bee63e8f5de277
8882,e4e2238e48e5c63ae00472f79b41dc35
8883,e4e648fde97760f1af54a69c758f7a5f
8884,e4ef16ef79078ec4c0cda1287914f5da
8897,e538c7c76b3f97da33fcda1ec25b124d
8898,e53b8c9ae68b98f9d39e128904526228
8910,e59b843ee17f562cd5b290ff342e003b
8918,e5df39c8fadd8859fc45da9f1ef27430
8928,e6309ca951f93f974f511171b15287b4
8939,e662b3ec835a656aab40ced70891d481
8940,e66327dfdf8de0aceca2a396fb7a56fb
8945,e6818e787467e6a67d0c8d0b56f40962
8954,e6a75edfef1be30d6cec5ab77b550c71
8956,e6ad75245defc12420379da7ad52e5ba
8958,e6b37c51e49c7779af87b8f0bed9b03c
8966,e6e41adf909df45b6dea96bcd050ed08
8967,e6e7079bdc035220f38b96d4407abc0b
8969,e6e99aea689227ceca32b7716f9c5ed2
8971,e6ff738c8dd54092b5b1de683fc71dc0
8977,e710afa058c0a8382c644f0c9b8550e7
8980,e71c4e29b5ce2d00f3aaeec237344c60
8986,e74f7f740959edcbabc288ddd4dc01c4
8988,e752535d04672e53f34203df8791eefd
8989,e754557b5e9d7a979e1347ab6a19d558
8993,e766564e6e1dff60fe89593382fec144
8997,e7739dee0915ffbf66e0d30410b81a60
8998,e7902c70f4dd28d2872eb00cfea6eb55
9001,e7a2aa96a21564bca110ac69cc69d85d
9010,e7ba9bd338b6f97f360ac92498689c1f
9013,e7c29b19622d86cd1becfe0261aa0f52
9020,e7df35de768e32a191517d95ef952e23
9021,e7e2053509fb32c988dbfb2d43555df9
9023,e7ea4914b6b9514a622583a2893d3aa6
9027,e811a906b5dd79ac9ad28d18fb268815
9029,e8198543cbe0375f87ce3a7b2c7671bc
9031,e823ff4ad2c854ccf068c71008a4475d
9032,e824a0184e81be073e0eaa5bca874d8a
9036,e84204eca84038839f238eac465a48b8
9065,e91d344359b14334f0e34f40b3418ac3
9073,e939bad7c464e2879c3883d0fada0111
9075,e941525716fd435d11cb69a81f68eaef
9078,e94d94cf8ec301b773dfcd493b799502
9081,e95d674d7cadb8d2a96272c006300845
9091,e9b0cd9a07807ed422dde4434d4a6cbb
9092,e9b3b659bb37557b88e8a4b49d45134b
9095,e9c99d89fa18122117851fed12d35fab
9103,e9fb1b8428c6ff03b8b66a941fa1ab87
9112,ea32f01385d93479035ede55a7606974
9120,ea838dd7421915f1e08fa508efbe1728
9123,ea90c005de70eef44757a1c8c0f21f62
9125,ea931da33de8ba05c3635a51c2b25d75
9131,ead2c1979e70519acaf45329cc24d88f
9133,eae853c98858ca32945c4a06448c404d
9136,eaf81fe1ef59691f0d8d0368c4c90a28
9139,eb051d10a0eb1193007db9d293003cf4
9140,eb0a147a13ea1ff700ac5354dfabd0ec
9142,eb13361cf4cf88994d25c259e1dea8e3
9145,eb298dcfd20267e7989eb20a7a1f017a
9151,eb4265d976f21e9aa38776c5f9e55e06
9154,eb6406a759b9795591c759f79de2bfae
9155,eb69dea91a7855ece148f597aa0fb876
9156,eb6ac3e150e0d9de65447bd22565391c
9166,eba4b7894be1638e127a1b3a84e98f4b
9167,eba55091626f78f222941c5f5ba01f37
9168,eba6d4f6c669240e093aa8890f3a620a
9170,ebaedf608b08e29d24c0c56eab569692
9171,ebb544af02716a427286983c79e45d0b
9177,ebec438547bc5a706dfdbc20e77145ac
9184,ec194a075d5e18831979e924ebfc645f
9186,ec2a15dcc5b9c66a1a8694fa366ec15d
9187,ec2a8e1b9c855811d4484c91218fd874
9188,ec2c81f9870c86ffc1a29b8baa457c21
9199,ec7523c07f295ae194b023405fbb1890
9201,ec8b71f342f72c5f1bbc3aec99a0a4a2
9202,ec9b79483e00a9ada1fa2f3771bd3f27
9209,ecb8a4fa067775d242b5c234e754c750
9219,ed179ac9568c7628a2ebcaf0d9332d01
9220,ed1ed772a8fa7a576bb1c534a78a121f
9222,ed2fac4a78f1f4dd9545568ee9248a55
9224,ed3ae91fa8f36e712afef05f82caeb45
9226,ed45c6abdd055680303bdc07d21bc2f8
9232,ed6e8171da507d95787053f6cdb8a74d
9238,ed911d7797e5e30debbf58077e3d3ca0
9240,ed9b59fbeff7cf7c008c75acc21d6ba6
9246,edb471ee892e306844f1df8780c0ebe0
9251,edcc7e2ea1c0c844ff0c5aa09b8397ae
9252,edcd7c388087eb28e5b00f1313e6141e
9254,edd4968d21f73144dd64f94dc016541f
9257,edfbd90800338845fad25e561b1a21c5
9260,ee0a50aea1e9b13cdf137789734f9589
9265,ee37b184b4815fdf60956dc126c9794f
9271,ee8bac0e7442303b6f05bcfa80757078
9273,ee9ec88270c5916c6a7f275c51a378e2
9276,eea39d8076d8ee0ac8f61013ad85b01b
9284,eee86787b429868ac0f012205b95e590
9290,ef0650e17584e2fd67a9152cfcfc17f7
9296,ef1a220e446593df10046e4548dbcf77
9297,ef28d52d0dbcd900325b010ed74ab046
9300,ef4d4cb3f7c1293eefb4a3812cb183c8
9308,ef723404e0d810408a3e7426f96182a9
9310,ef81ca023d305138b1fabf6ce6d8dfa1
9314,efa0c8b71bc8b67d43486b951eaae1db
9316,efa530b5a675fd00c13c98163c27d5d7
9319,efb667e7e6ee9d0936574d23d260433c
9321,efb8381424abda0f31c52aaeffb3147c
9327,efe4480b5399aabddc670c2de360bc20
9344,f041c8ca6112ca3bbe469ae3479980f9
9352,f07964fe446117187a95f7e038409f2f
9356,f092f3940f0732c920046f99afb01148
9361,f0b24d2d4517ff3853e4afce04c21ba5
9364,f0b55eb6d746cd51706bc4787853f2bc
9370,f0cea46c0ea8e93b58cbab32a8af20c5
9371,f0da125bf82d46b100a55cd04eab969a
9372,f0df4216c04a4419ec4608f9335915e0
9373,f0fac0397f9e7d9176a5483ab241d378
9374,f10215e4a77bf5cdfa6ac1608db69bda
9377,f117f40f663a62d195455d723a1520eb
9382,f12d6cabf7549d4beccb9057976c6c50
9386,f143cff00c6c8dcfd786c16f5f30f494
9387,f151a1f38050d75a2a7f63c779a3bdae
9389,f1638345bd811c100e486963dcd5e269
9398,f195efc4b1681d60a3def1c64106f144
9403,f1a51a3d3ff28b0a6233d83a9b374b6e
9404,f1a573eeef6350a19f1ad1a0bd696920
9407,f1b5e7b6fe1e9c1989a6c414f51697eb
9409,f1b930f9fc2b28e5d7059330503a64e0
9422,f20485eb013182a7d6c32b35c67b8a96
9424,f22a076af013f9ef0164794eea0b885d
9435,f25bed6057e1141dfee3ac2b0939be00
9436,f25bee6e86b261423097d67915e91fa3
9438,f26f276367476409fdabbeff48c912bb
9443,f2833e69e25fcf7dd30a9fc750ef3692
9445,f2932bbd8aaf1719d2c9f6e300b90322
9449,f2adc89ddb16a1994daa86a4c87051d6
9455,f2d5c07b5a6c9bf953ddfaa3230428f6
9456,f2e0054df9e4f21d706d4fdf268603af
9458,f2e8e94009ee9fac2e9e513386f78160
9471,f3364c06d248c347bea1ebb7760aaa09
9475,f362021226d9a70ed3aa655ba2db66ba
9476,f3636124ff915c4a5fd0922e994b1ad5
9488,f3860fd10790be5dc7105ea3bbedafe0
9494,f39f09702f7999724b37366d4d15051d
9495,f3a725353b5c7c9f30d65c16b7e6386a
9498,f3af183b70d19fd682d1c3c320eeac82
9500,f3c3f994e2ac393a614155a56f30a79e
9507,f3e0bd4b97fccb9bda10211044e0afe4
9515,f401539568b5158415fdc85f17dbf27c
9516,f4061b1c2e0d4fa418d8af0fe9fdd97c
9519,f41b795beeecbdf90c8ee33aeb713783
9522,f4275758e972edb7185ca04367512e17
9524,f44c48487dc7b14cc6f7a5bd738e8ef5
9528,f46df60c27e0bd5ebd99167019be49aa
9529,f4713aef7a7597d68ce8908718dd0541
9537,f49423000626961b728666833b5944d5
9540,f4bbaa19eaa8b0aea0ca4e70086e50d7
9554,f528b7041711b5a5efd4b67eee61799b
9557,f52bdb45dcd4b160d3e96243e066bb13
9562,f55a92428e35f2a8422e5b6c873aec74
9563,f56124b2edc0b5a514cb5ffc458bd6bb
9571,f596cd2e2b7da435c4f022a77b48e47a
9572,f5a0a233b8c695db6210b3c3cbd1525b
9575,f5ba112dc34163088fc19d3a50f0b022
9578,f5d5816d676cec5733492e4e0f0c6d94
9581,f5eb6278a230cf99d57fecdce0ff366f
9584,f5f300fc4e4f3ed0857ed5f1c6a7d7fa
9587,f6069a28da549106a25431e1788a174e
9595,f6518e6792d30022a6cf56e1339ba028
9606,f694ac40dc18169b1cd90ce04dea5a65
9612,f6dbdb683763f47273d77ff09eff9bab
9624,f741c6875b9799b3494c0770f8f05399
9626,f7551d3b738e738f0910f11c0ef0c3b7
9630,f75ddd344d42801544110402945c47e4
9632,f75f79c72261dc95320a8e0c0a72827b
9637,f7757730716ee8588cd0708fbfe9bd77
9643,f7abc364090c57ac3a9ec3cae7930270
9644,f7ac765100792756e571c7708731403f
9647,f7b423ca5619c7fe866535cb3d8d40a8
9649,f7cafa1c7ec643bb2b8ab43ff0ec93ac
9656,f7e01c699307bd435b57fada97d244de
9661,f7eb97fa7b220965f3ef23dba20e4dc4
9666,f8119d288e00be0de0a8ba6e2981396a
9668,f82420df041932f1097af7d7ebb8c303
9676,f84d91eeb6fa6333806bb1a40308e2f5
9679,f853dd261b3b2d8e03b449712c5d0bbb
9683,f860a90daffd349efb6f14fb652488b5
9689,f884d83da02ce19df10540d9bceb6e08
9709,f930de4394aa77e8016ca7ae5b247886
9710,f935972cca6f2e2394e28fb2f2224bf2
9711,f93b90fd72f284269c459de462cb0da9
9716,f9538922ddbbb1e0567b3c0831392f91
9725,f9726e5e72d25d06aba992e23e4c70ca
9739,f9d97df432e8e57f5470d0eef47addfd
9744,f9fcbdcaaffa65fec487d36fc97f6968
9748,fa288f14f8d083d989397d7ce911f4a0
9749,fa2eda6b91f4cbca987eb6389a897b87
9750,fa3279e230ba29dbb8e724e0f9149b95
9754,fa5f45b8604e1871b1893869ab6b9e7e
9755,fa6265b3298c31a27e44cf31e0a27320
9763,fa9fd04adeb365bad37b9b10e9fa88ab
9777,faf8ad5395092cc428ca6bb227f3725b
9780,fb0b6099d99f92b5b42fb151998ad94f
9787,fb275a2e171e1c0356e0b333c30b617b
9789,fb2a6a17e6e3202d1682aa94811db73d
9790,fb2ddf02658b40afd4a671225cd4fe57
9796,fb7a2aa70945d4b5bb181dc40cdf6951
9799,fb8114e0c1500ed70c0ff19b93f00e4f
9803,fb9a08c6a3678347bfd76e5321d90ec3
9806,fba67de693f87f065658599d26a88459
9810,fbb7b541e63201ff47103a5b9560f4a2
9825,fc02ac18eb1181c68d1b98bb9bfc1924
9827,fc08d3e4b2e052e9eef3616b581389b1
9831,fc1a93d96b2d41b89176b3f2f1e77908
9833,fc211f8603ac68b3ad61c48d8de5409e
9837,fc2dda9856b4afede8c1f7843946830d
9846,fc6d9d05d406113b454b7f6c09bc2619
9850,fc7fd4641511f0fa69cebfda5971ed08
9852,fc874672c3aefab8d2789ef6934ea841
9853,fc89bed416fa334140bd21183d61e582
9854,fc99406689a862b8ed17889e91faceca
9859,fcc703d146f2499357f67c87c05a8efd
9870,fd02eb2c90d2a4bdda0cc34470901b7b
9876,fd3713bd10838c2c37f507c43279f1fc
9877,fd3bddad9a302824f490774a060c43d7
9880,fd5d9cf644b660ec1a75327ff2d30df6
9883,fd6e0f3c8e6c341ea99d834242bd47ab
9888,fd7aac1c5dc0b94e9644a030b744588f
9889,fd7c06f73657855ef29eb8362246db06
9891,fd818c40ca1f7d425491b007ecc3319d
9896,fd97846a9a1871d7657ec463485c7d24
9897,fd98e351ff173cfa43fbdb0286d9b856
9899,fda0ccdfdaf2446fafa5c34df41eb5d4
9900,fda10edc575572fba940faabc4c26ab9
9901,fda6a4c233090b7eb61d03fcf2bd0a3d
9912,fdef7d79c2f7b5e06570ab0d49778e40
9915,fe1e4080661d57e35edf4d6e622689b5
9919,fe3c950d07ffb4b9efe980ff6526a566
9921,fe3faf10b21f59bf5bb8ee179e965a78
9924,fe5beb40b71d3d2bd377c05c3c0dc003
9934,fe9628914a6fab5e3581c32af57f92b1
9938,feae16a20cdbd3ed57e831ca41acbe15
9944,fed380cc60aede655022f45f81eb7a23
9948,fefa2ab3800acfc49a6e505bb2b4f683
9954,ff18838f6d7bde23e5afa6863ec9c714
9956,ff1f701c16950190b3a34d2c790d11f5
9958,ff2991424a0841eee682ae3417028a4c
9962,ff4b8bb628f7a44dd64db375eed8101e
9968,ff6cc8cadcb7457f9ddb2dd238a13733
9970,ff75a0b9182278a9559908da3e398b61
9974,ff7f2a44574c43954d3ebded3c807760
9977,ff8aff3e7e4f73c63f60b4210febb207
9979,ff95e791804147f2aa0e2bc6707806d2
9992,ffdcbdfafcb0ce5d4edfc69b0aa75175
9998,ffef7018ccbeba362dfe8d65b832b0f0
9999,fff9dc160560e980b5dddac3864a839f
10000,fff9ee0cc32f6bad56de858c3208a786
